Style   ,Description    ,Clr,Color     ,Gender,Item Group  ,1/at once,   WIP ETA,   TOT ,1,2,3,4,5,6,7,8,9,10,11,12,13,14,15,16,17,18,19,20,21,22,    S ,    M ,    L ,   XL 
        ,               ,   ,          ,      ,            ,2/on WIP ,          ,       ,      ,      ,      ,      ,      ,      ,      ,      ,      ,      ,      ,      ,      ,      ,      ,      ,      ,      ,      ,      ,      ,      ,      ,      ,      ,      
BOG001  ,CREW SOCK      ,1,BLACK     ,MENS  ,ACCESSORIES ,1,          ,216,0,0,0,0,0,0,0,0,0,0,0,0,0,0,0,0,0,0,0,0,0,0,0,0,121,95
BOG002  ,DEGREES        ,1,BLACK     ,WOMENS,ACCESSORIES ,1,          ,115,0,0,0,0,0,0,0,0,0,0,0,0,0,0,0,0,0,0,0,0,0,0,0,64,51,0
BOG002  ,DEGREES        ,609,WINE      ,WOMENS,ACCESSORIES ,1,          ,45,0,0,0,0,0,0,0,0,0,0,0,0,0,0,0,0,0,0,0,0,0,0,0,34,11,0
BOG003  ,STRIPES        ,1,BLACK     ,WOMENS,ACCESSORIES ,1,          ,49,0,0,0,0,0,0,0,0,0,0,0,0,0,0,0,0,0,0,0,0,0,0,0,48,1,0
BOG003  ,STRIPES        ,63,BLK BERRY ,WOMENS,ACCESSORIES ,1,          ,43,0,0,0,0,0,0,0,0,0,0,0,0,0,0,0,0,0,0,0,0,0,0,0,36,7,0
BOG004  ,DEGREES        ,1,BLACK     ,WOMENS,ACCESSORIES ,1,          ,45,0,0,0,0,0,0,0,0,0,0,0,0,0,0,0,0,0,0,0,0,0,0,0,36,9,0
BOG004  ,DEGREES        ,609,WINE      ,WOMENS,ACCESSORIES ,1,          ,32,0,0,0,0,0,0,0,0,0,0,0,0,0,0,0,0,0,0,0,0,0,0,0,32,0,0
BOG005  ,STRIPES        ,1,BLACK     ,WOMENS,ACCESSORIES ,1,          ,52,0,0,0,0,0,0,0,0,0,0,0,0,0,0,0,0,0,0,0,0,0,0,0,44,8,0
BOG005  ,STRIPES        ,63,BLK BERRY ,WOMENS,ACCESSORIES ,1,          ,29,0,0,0,0,0,0,0,0,0,0,0,0,0,0,0,0,0,0,0,0,0,0,0,29,0,0
BOG006  ,DEGREES        ,1,BLACK     ,KIDS  ,ACCESSORIES ,1,          ,90,0,0,0,0,0,0,0,0,0,0,0,0,0,0,0,0,0,0,0,0,0,0,0,33,57,0
BOG006  ,DEGREES        ,609,WINE      ,KIDS  ,ACCESSORIES ,1,          ,38,0,0,0,0,0,0,0,0,0,0,0,0,0,0,0,0,0,0,0,0,0,0,0,7,31,0
BOG007  ,STRIPES        ,1,BLACK     ,KIDS  ,ACCESSORIES ,1,          ,59,0,0,0,0,0,0,0,0,0,0,0,0,0,0,0,0,0,0,0,0,0,0,0,18,41,0
BOG007  ,STRIPES        ,63,BLK BERRY ,KIDS  ,ACCESSORIES ,1,          ,38,0,0,0,0,0,0,0,0,0,0,0,0,0,0,0,0,0,0,0,0,0,0,0,13,25,0
BOG008  ,BOOT SOCK      ,1,BLACK     ,MENS  ,ACCESSORIES ,1,          ,113,0,0,0,0,0,0,0,0,0,0,0,0,0,0,0,0,0,0,0,0,0,0,0,0,113,0
INSOLE K,INSOLE KIDS    ,0,NO COLOR  ,WOMENS,MISCELLANEOU,2,12/31/12,30,6,4,4,4,0,0,0,0,0,0,0,6,6,0,0,0,0,0,0,0,0,0,0,0,0,0
INSOLE M,INSOLE MENS    ,0,NO COLOR  ,MENS  ,MISCELLANEOU,2,12/31/12,309,0,0,0,0,0,0,7,20,40,60,80,50,25,15,6,6,0,0,0,0,0,0,0,0,0,0
INSOLE W,INSOLE WOMENS  ,0,NO COLOR  ,WOMENS,MISCELLANEOU,2,12/31/12,317,0,0,0,0,0,7,40,60,100,60,40,10,0,0,0,0,0,0,0,0,0,0,0,0,0,0
50325,BLAZE 1000     ,973,MOSSY OAK ,MENS  ,MENS HUNTING,1,          ,276,0,0,0,0,0,0,1,19,6,47,86,81,32,4,0,0,0,0,0,0,0,0,0,0,0,0
51336,CLASSIC MID NO ,1,BLACK     ,KIDS  ,KIDS CLASSIC,1,          ,27,0,0,0,0,0,1,0,0,0,0,26,0,0,0,0,0,0,0,0,0,0,0,0,0,0,0
51366,CLASSIC MID    ,973,MOSSY OAK ,KIDS  ,KIDS HUNTING,1,          ,840,107,76,75,63,63,64,28,54,21,55,79,68,87,0,0,0,0,0,0,0,0,0,0,0,0,0
51366,CLASSIC MID    ,973,MOSSY OAK ,KIDS  ,KIDS HUNTING,2,12/11/12,486,0,36,24,66,66,102,0,0,90,42,24,12,24,0,0,0,0,0,0,0,0,0,0,0,0,0
51366,CLASSIC MID    ,973,MOSSY OAK ,KIDS  ,KIDS HUNTING,2,1/16/13,396,18,36,60,30,18,24,0,0,18,48,60,48,36,0,0,0,0,0,0,0,0,0,0,0,0,0
51377,ULTRA HIGH     ,1,BLACK     ,MENS  ,MENS CLASSIC,1,          ,"2,408",0,0,0,35,36,10,0,210,349,561,593,351,155,108,0,0,0,0,0,0,0,0,0,0,0,0
51377,ULTRA HIGH     ,1,BLACK     ,MENS  ,MENS CLASSIC,2,3/2/13,250,0,0,0,0,0,30,34,72,18,0,30,36,24,6,0,0,0,0,0,0,0,0,0,0,0,0
51377,ULTRA HIGH     ,1,BLACK     ,MENS  ,MENS CLASSIC,2,3/4/13,"2,712",0,0,0,0,0,0,252,216,528,672,408,390,246,0,0,0,0,0,0,0,0,0,0,0,0,0
51407,ULTRA MID      ,1,BLACK     ,MENS  ,MENS CLASSIC,1,          ,"11,060",0,0,0,14,10,26,143,"1,105","1,352","2,598","2,774","1,747",996,295,0,0,0,0,0,0,0,0,0,0,0,0
51407Z  ,ULTRA MID      ,1,BLACK     ,MENS  ,MENS CLASSIC,1,          ,30,0,0,0,0,0,0,30,0,0,0,0,0,0,0,0,0,0,0,0,0,0,0,0,0,0,0
51537,CLSC ULTRA HIGH,1,BLACK     ,WOMENS,WOMENS CLASS,1,          ,697,0,0,0,0,0,70,108,192,170,97,60,0,0,0,0,0,0,0,0,0,0,0,0,0,0,0
52012,JOURNEY RUBBER ,1,BLACK     ,MENS  ,MENS OUTDOOR,1,          ,157,0,0,0,0,0,0,0,35,101,1,0,0,20,0,0,0,0,0,0,0,0,0,0,0,0,0
52053,CLASSIC HI BUGS,202,CHOCOLATE ,KIDS  ,KIDS CLASSIC,1,          ,18,0,0,0,10,0,8,0,0,0,0,0,0,0,0,0,0,0,0,0,0,0,0,0,0,0,0
52063,CLASSIC HIGH   ,1,BLACK     ,KIDS  ,KIDS CLASSIC,1,          ,918,9,42,0,10,26,13,84,84,132,111,123,155,129,0,0,0,0,0,0,0,0,0,0,0,0,0
52064Z  ,CLSSC HI HNDLES,1,BLACK     ,KIDS  ,KIDS CLASSIC,1,          ,13,0,0,0,0,0,0,0,13,0,0,0,0,0,0,0,0,0,0,0,0,0,0,0,0,0,0
52065,CLASSIC HIGH HA,1,BLACK     ,KIDS  ,KIDS CLASSIC,1,          ,"8,757",991,933,821,572,521,515,177,266,367,615,947,"1,071",961,0,0,0,0,0,0,0,0,0,0,0,0,0
52073,BLAZE FLEECE   ,1,BLACK     ,MENS  ,MENS HUNTING,1,          ,909,0,0,0,296,290,284,4,0,0,0,0,0,17,3,15,0,0,0,0,0,0,0,0,0,0,0
52094,URBAN WALKER   ,1,BLACK     ,MENS  ,MENS OUTDOOR,1,          ,"2,306",0,0,0,0,0,0,20,218,359,560,539,375,193,17,6,10,9,0,0,0,0,0,0,0,0,0
52094,URBAN WALKER   ,1,BLACK     ,MENS  ,MENS OUTDOOR,2,1/25/13,"1,311",0,0,0,0,0,0,60,24,174,276,294,138,84,108,54,36,36,27,0,0,0,0,0,0,0,0
52123,CLASSIC HI FERN,1,BLACK     ,WOMENS,WOMENS CLASS,1,          ,1,0,0,0,0,0,0,0,0,1,0,0,0,0,0,0,0,0,0,0,0,0,0,0,0,0,0
52128,CLSC MID FERN  ,400,BLUE      ,WOMENS,WOMENS CLASS,1,          ,1,0,0,0,0,0,0,0,0,1,0,0,0,0,0,0,0,0,0,0,0,0,0,0,0,0,0
52139,URBAN WALKER   ,1,BLACK     ,WOMENS,WOMENS CLASS,1,          ,9,0,0,0,0,0,4,0,0,0,0,5,0,0,0,0,0,0,0,0,0,0,0,0,0,0,0
52155,BLAZE MT       ,973,MOSSY OAK ,MENS  ,MENS HUNTING,1,          ,77,0,0,0,0,0,0,8,0,6,0,22,29,12,0,0,0,0,0,0,0,0,0,0,0,0,0
52156,CLSC HI SPIDERS,1,BLACK     ,KIDS  ,KIDS CLASSIC,1,          ,2,0,0,0,0,0,2,0,0,0,0,0,0,0,0,0,0,0,0,0,0,0,0,0,0,0,0
52178,TRUGREEN BOOT 2,200,BROWN     ,MENS  ,MENS INDUSTR,2,2/4/13,8,0,0,0,0,0,0,0,0,1,0,1,3,3,0,0,0,0,0,0,0,0,0,0,0,0,0
52183,BLAZE 1000     ,1,BLACK     ,MENS  ,MENS OUTDOOR,1,          ,290,0,0,0,0,0,0,29,52,74,54,6,38,17,20,0,0,0,0,0,0,0,0,0,0,0,0
52184,ARCTIC ROAMER  ,1,BLACK     ,MENS  ,MENS CLASSIC,1,          ,598,0,0,0,0,0,0,0,52,111,129,130,110,48,18,0,0,0,0,0,0,0,0,0,0,0,0
52185,TRADESMAN TALL ,1,BLACK     ,MENS  ,MENS INDUSTR,1,          ,260,0,0,0,41,42,25,26,50,23,0,33,0,12,0,3,0,3,2,0,0,0,0,0,0,0,0
52186,TRADESMAN TALL ,200,BROWN     ,MENS  ,MENS INDUSTR,1,          ,512,0,0,0,21,34,29,42,128,61,40,14,16,71,8,10,5,16,17,0,0,0,0,0,0,0,0
52190,JOURNEYMAN     ,1,BLACK     ,MENS  ,MENS INDUSTR,1,          ,6,0,0,0,0,0,0,5,0,0,0,0,0,1,0,0,0,0,0,0,0,0,0,0,0,0,0
52191,JOURNEYMAN ST  ,1,BLACK     ,MENS  ,MENS INDUSTR,1,          ,35,0,0,0,0,0,0,3,5,4,6,9,5,3,0,0,0,0,0,0,0,0,0,0,0,0,0
52221,TAYLOR         ,460,BLUE MULTI,WOMENS,WOMENS OUTDO,1,          ,1,0,0,0,0,0,0,0,1,0,0,0,0,0,0,0,0,0,0,0,0,0,0,0,0,0,0
52223,TAYLOR         ,340,GRN MULTI ,WOMENS,WOMENS OUTDO,1,          ,1,0,0,0,0,0,0,0,0,1,0,0,0,0,0,0,0,0,0,0,0,0,0,0,0,0,0
Style   ,Description    ,Clr,Color     ,Gender,Item Group  ,1/at once,   WIP ETA,   TOT ,1,2,3,4,5,6,7,8,9,10,11,12,13,14,15,16,17,18,19,20,21,22,    S ,    M ,    L ,   XL 
        ,               ,   ,          ,      ,            ,2/on WIP ,          ,       ,      ,      ,      ,      ,      ,      ,      ,      ,      ,      ,      ,      ,      ,      ,      ,      ,      ,      ,      ,      ,      ,      ,      ,      ,      ,      
52239,CLASSIC HIGH   ,603,OX BLOOD  ,WOMENS,WOMENS CLASS,1,          ,1,0,0,0,0,0,0,1,0,0,0,0,0,0,0,0,0,0,0,0,0,0,0,0,0,0,0
52273,COPPERHEAD     ,974,REALTREE  ,MENS  ,MENS HUNTING,1,          ,59,0,0,0,0,0,0,0,9,7,8,4,19,6,6,0,0,0,0,0,0,0,0,0,0,0,0
52275,BLAZE 1000     ,974,REALTREE  ,MENS  ,MENS HUNTING,1,          ,173,0,0,0,0,0,0,2,1,16,27,87,31,0,9,0,0,0,0,0,0,0,0,0,0,0,0
52336,BURNSIDE       ,300,GREEN     ,WOMENS,WOMENS OUTDO,1,          ,6,0,0,0,0,0,0,0,2,1,2,1,0,0,0,0,0,0,0,0,0,0,0,0,0,0,0
52337,BURNSIDE       ,700,YELLOW    ,WOMENS,WOMENS OUTDO,1,          ,1,0,0,0,0,0,0,0,0,0,1,0,0,0,0,0,0,0,0,0,0,0,0,0,0,0,0
52338,BURNSIDE       ,511,GRAPE     ,WOMENS,WOMENS OUTDO,1,          ,3,0,0,0,0,0,0,0,0,1,0,2,0,0,0,0,0,0,0,0,0,0,0,0,0,0,0
52339,BURNSIDE       ,1,BLACK     ,WOMENS,WOMENS OUTDO,1,          ,1,0,0,0,0,0,0,1,0,0,0,0,0,0,0,0,0,0,0,0,0,0,0,0,0,0,0
52347,CHARLOT        ,650,PINK      ,KIDS  ,KIDS CLASSIC,1,          ,1,0,0,0,0,0,0,0,0,0,0,0,1,0,0,0,0,0,0,0,0,0,0,0,0,0,0
52348,CHARLOT        ,400,BLUE      ,KIDS  ,KIDS CLASSIC,1,          ,3,0,0,0,1,0,0,0,0,0,0,0,2,0,0,0,0,0,0,0,0,0,0,0,0,0,0
52353,BURNSIDE       ,650,PINK      ,KIDS  ,KIDS OUTDOOR,1,          ,7,1,1,2,1,0,2,0,0,0,0,0,0,0,0,0,0,0,0,0,0,0,0,0,0,0,0
52354,BURNSIDE       ,530,LAVENDER  ,KIDS  ,KIDS OUTDOOR,1,          ,5,0,1,1,0,1,1,0,0,0,0,0,0,1,0,0,0,0,0,0,0,0,0,0,0,0,0
52355,BURNSIDE       ,441,AQUA      ,KIDS  ,KIDS OUTDOOR,1,          ,12,2,1,2,2,2,2,0,0,0,0,0,0,1,0,0,0,0,0,0,0,0,0,0,0,0,0
52359,BURNSIDE       ,203,COFFEE    ,KIDS  ,KIDS OUTDOOR,1,          ,11,2,1,1,2,2,2,0,0,0,0,0,0,1,0,0,0,0,0,0,0,0,0,0,0,0,0
52363,HAWTHORNE      ,530,LAVENDER  ,KIDS  ,KIDS OUTDOOR,1,          ,1,0,0,0,0,0,0,0,0,0,0,0,1,0,0,0,0,0,0,0,0,0,0,0,0,0,0
52367,HAWTHORNE      ,1,BLACK     ,KIDS  ,KIDS OUTDOOR,1,          ,171,15,4,3,0,0,0,0,11,26,22,39,29,22,0,0,0,0,0,0,0,0,0,0,0,0,0
52371,BURNSIDE       ,1,BLACK     ,MENS  ,MENS OUTDOOR,1,          ,2,0,0,0,0,0,0,0,2,0,0,0,0,0,0,0,0,0,0,0,0,0,0,0,0,0,0
52381,TRADESMAN LITE ,1,BLACK     ,MENS  ,MENS INDUSTR,1,          ,397,0,0,0,32,32,39,45,3,111,29,54,0,14,38,0,0,0,0,0,0,0,0,0,0,0,0
52384,BLAZE HI       ,300,GREEN     ,MENS  ,MENS HUNTING,1,          ,902,0,0,0,257,260,246,24,0,0,2,0,27,31,20,35,0,0,0,0,0,0,0,0,0,0,0
52401,BRIDGEPORT     ,20,GRAY      ,MENS  ,MENS OUTDOOR,1,          ,7,0,0,0,0,0,0,0,0,0,0,3,0,0,4,0,0,0,0,0,0,0,0,0,0,0,0
52402,BRIDGEPORT     ,200,BROWN     ,MENS  ,MENS OUTDOOR,1,          ,17,0,0,0,0,0,0,0,1,2,0,1,6,7,0,0,0,0,0,0,0,0,0,0,0,0,0
52403,BRIDGEPORT     ,1,BLACK     ,MENS  ,MENS OUTDOOR,1,          ,3,0,0,0,0,0,0,0,0,0,3,0,0,0,0,0,0,0,0,0,0,0,0,0,0,0,0
52405,JAMISON        ,200,BROWN     ,MENS  ,MENS OUTDOOR,1,          ,36,0,0,0,0,0,0,0,2,3,1,11,16,2,1,0,0,0,0,0,0,0,0,0,0,0,0
52406,JAMISON        ,1,BLACK     ,MENS  ,MENS OUTDOOR,1,          ,137,0,0,0,0,0,0,0,5,0,40,7,24,22,39,0,0,0,0,0,0,0,0,0,0,0,0
52410,PATTON         ,200,BROWN     ,MENS  ,MENS CLASSIC,1,          ,3,0,0,0,0,0,0,0,0,0,0,0,0,3,0,0,0,0,0,0,0,0,0,0,0,0,0
52412,HAWTHORNE      ,310,IVY GREEN ,MENS  ,MENS OUTDOOR,1,          ,30,0,0,0,0,0,0,0,18,0,12,0,0,0,0,0,0,0,0,0,0,0,0,0,0,0,0
52414,HAWTHORNE      ,20,GRAY      ,MENS  ,MENS OUTDOOR,1,          ,873,0,0,0,0,0,0,0,62,169,202,182,111,97,50,0,0,0,0,0,0,0,0,0,0,0,0
52416,BURNSIDE       ,310,IVY GREEN ,MENS  ,MENS OUTDOOR,1,          ,331,0,0,0,0,0,0,0,19,63,76,59,45,40,29,0,0,0,0,0,0,0,0,0,0,0,0
52420,INDUSTRIAL CHUK,1,BLACK     ,MENS  ,MENS INDUSTR,1,          ,315,0,0,0,0,0,0,0,26,56,66,84,52,31,0,0,0,0,0,0,0,0,0,0,0,0,0
52421,INDSTRL CHUK ST,1,BLACK     ,MENS  ,MENS INDUSTR,1,          ,449,0,0,0,0,0,0,0,27,83,97,120,75,47,0,0,0,0,0,0,0,0,0,0,0,0,0
52422,INDUSTRIAL SLIP,1,BLACK     ,MENS  ,MENS INDUSTR,1,          ,286,0,0,0,0,0,0,0,52,62,28,41,39,49,15,0,0,0,0,0,0,0,0,0,0,0,0
52423,INDSTRL SLIP ST,1,BLACK     ,MENS  ,MENS INDUSTR,1,          ,92,0,0,0,0,0,0,0,19,11,0,9,26,27,0,0,0,0,0,0,0,0,0,0,0,0,0
52424,INDUSTRIAL TALL,1,BLACK     ,MENS  ,MENS INDUSTR,1,          ,262,0,0,0,0,0,0,0,10,22,72,81,55,18,4,0,0,0,0,0,0,0,0,0,0,0,0
52425,INDUSTRIAL TALL,1,BLACK     ,MENS  ,MENS INDUSTR,1,          ,8,0,0,0,0,0,0,0,0,0,0,6,2,0,0,0,0,0,0,0,0,0,0,0,0,0,0
52426,JOURNEYMAN STMG,1,BLACK     ,MENS  ,MENS INDUSTR,1,          ,"1,070",0,0,0,0,0,0,0,71,151,277,291,229,37,14,0,0,0,0,0,0,0,0,0,0,0,0
52427,FIREHOUSE      ,1,BLACK     ,MENS  ,MENS INDUSTR,2,2/3/13,476,0,0,0,0,0,0,0,31,58,129,128,88,31,11,0,0,0,0,0,0,0,0,0,0,0,0
52431,JAMISON        ,1,BLACK     ,WOMENS,WOMENS OUTDO,1,          ,147,0,0,0,0,0,10,33,36,68,0,0,0,0,0,0,0,0,0,0,0,0,0,0,0,0,0
52434,BRIDGEPORT     ,1,BLACK     ,WOMENS,WOMENS OUTDO,1,          ,45,0,0,0,0,0,20,19,2,1,1,2,0,0,0,0,0,0,0,0,0,0,0,0,0,0,0
52435,BRIDGEPORT     ,20,GRAY      ,WOMENS,WOMENS OUTDO,1,          ,312,0,0,0,0,0,19,69,98,32,77,17,0,0,0,0,0,0,0,0,0,0,0,0,0,0,0
52438,MASON          ,1,BLACK     ,WOMENS,WOMENS TAILO,1,          ,932,0,0,0,0,0,99,249,199,192,140,53,0,0,0,0,0,0,0,0,0,0,0,0,0,0,0
52439,MASON          ,200,BROWN     ,WOMENS,WOMENS TAILO,1,          ,"1,358",0,0,0,0,0,118,285,299,305,234,117,0,0,0,0,0,0,0,0,0,0,0,0,0,0,0
52440,MCKENNA        ,1,BLACK     ,WOMENS,WOMENS TAILO,1,          ,528,0,0,0,0,0,68,137,42,41,139,101,0,0,0,0,0,0,0,0,0,0,0,0,0,0,0
52441,MCKENNA        ,200,BROWN     ,WOMENS,WOMENS TAILO,1,          ,199,0,0,0,0,0,29,33,54,44,23,16,0,0,0,0,0,0,0,0,0,0,0,0,0,0,0
52454,RUE            ,600,RED       ,WOMENS,WOMENS OUTDO,1,          ,306,0,0,0,0,0,49,83,102,27,21,12,12,0,0,0,0,0,0,0,0,0,0,0,0,0,0
52455,RUE            ,531,VIOLET    ,WOMENS,WOMENS OUTDO,1,          ,9,0,0,0,0,0,2,2,2,0,2,1,0,0,0,0,0,0,0,0,0,0,0,0,0,0,0
52456,RUE            ,441,AQUA      ,WOMENS,WOMENS OUTDO,1,          ,201,0,0,0,0,0,52,71,32,11,29,2,4,0,0,0,0,0,0,0,0,0,0,0,0,0,0
52457,RUE            ,300,GREEN     ,WOMENS,WOMENS OUTDO,1,          ,8,0,0,0,0,0,0,0,0,0,6,2,0,0,0,0,0,0,0,0,0,0,0,0,0,0,0
52458,RUE            ,1,BLACK     ,WOMENS,WOMENS OUTDO,1,          ,159,0,0,0,0,0,27,52,29,15,28,8,0,0,0,0,0,0,0,0,0,0,0,0,0,0,0
52458,RUE            ,1,BLACK     ,WOMENS,WOMENS OUTDO,2,2/4/13,300,0,0,0,0,0,6,24,96,60,48,30,36,0,0,0,0,0,0,0,0,0,0,0,0,0,0
52461,CHARLOT        ,441,AQUA      ,WOMENS,WOMENS OUTDO,1,          ,62,0,0,0,0,0,0,0,1,9,32,14,6,0,0,0,0,0,0,0,0,0,0,0,0,0,0
52462,CHARLOT        ,300,GREEN     ,WOMENS,WOMENS OUTDO,1,          ,125,0,0,0,0,0,0,3,0,34,41,38,9,0,0,0,0,0,0,0,0,0,0,0,0,0,0
Style   ,Description    ,Clr,Color     ,Gender,Item Group  ,1/at once,   WIP ETA,   TOT ,1,2,3,4,5,6,7,8,9,10,11,12,13,14,15,16,17,18,19,20,21,22,    S ,    M ,    L ,   XL 
        ,               ,   ,          ,      ,            ,2/on WIP ,          ,       ,      ,      ,      ,      ,      ,      ,      ,      ,      ,      ,      ,      ,      ,      ,      ,      ,      ,      ,      ,      ,      ,      ,      ,      ,      ,      
52463,CHARLOT        ,1,BLACK     ,WOMENS,WOMENS OUTDO,1,          ,175,0,0,0,0,0,22,27,44,42,23,6,11,0,0,0,0,0,0,0,0,0,0,0,0,0,0
52464,ALEX           ,9,BLK MULTI ,WOMENS,WOMENS OUTDO,1,          ,47,0,0,0,0,0,11,22,0,2,9,3,0,0,0,0,0,0,0,0,0,0,0,0,0,0,0
52465,ALEX           ,542,PURPLE    ,WOMENS,WOMENS OUTDO,1,          ,522,0,0,0,0,0,32,117,150,101,100,22,0,0,0,0,0,0,0,0,0,0,0,0,0,0,0
52466,ALEX           ,600,RED       ,WOMENS,WOMENS OUTDO,1,          ,192,0,0,0,0,0,16,53,13,47,37,26,0,0,0,0,0,0,0,0,0,0,0,0,0,0,0
52467,ALEX           ,441,AQUA      ,WOMENS,WOMENS OUTDO,1,          ,121,0,0,0,0,0,31,27,21,0,42,0,0,0,0,0,0,0,0,0,0,0,0,0,0,0,0
52468,RIDER EMBOSS   ,1,BLACK     ,WOMENS,WOMENS OUTDO,1,          ,132,0,0,0,0,0,29,2,0,6,63,32,0,0,0,0,0,0,0,0,0,0,0,0,0,0,0
52472,CLSC HI TUSCANY,963,BLK & BRN ,WOMENS,WOMENS CLASS,1,          ,9,0,0,0,0,0,9,0,0,0,0,0,0,0,0,0,0,0,0,0,0,0,0,0,0,0,0
52475,CLSC HI TUSCANY,966,BLACK/BLUE,WOMENS,WOMENS CLASS,1,          ,1,0,0,0,0,0,0,0,0,0,0,1,0,0,0,0,0,0,0,0,0,0,0,0,0,0,0
52478,CLSC MIDTUSCANY,600,RED       ,WOMENS,WOMENS CLASS,1,          ,1,0,0,0,0,0,0,0,1,0,0,0,0,0,0,0,0,0,0,0,0,0,0,0,0,0,0
52480,CLSC HI LANAI  ,400,BLUE      ,WOMENS,WOMENS CLASS,1,          ,2,0,0,0,0,0,0,2,0,0,0,0,0,0,0,0,0,0,0,0,0,0,0,0,0,0,0
52483,CLSC MID LANAI ,400,BLUE      ,WOMENS,WOMENS CLASS,1,          ,7,0,0,0,0,0,1,2,0,0,3,1,0,0,0,0,0,0,0,0,0,0,0,0,0,0,0
52485,CLSC MID LANAI ,542,PURPLE    ,WOMENS,WOMENS CLASS,1,          ,1,0,0,0,0,0,0,0,1,0,0,0,0,0,0,0,0,0,0,0,0,0,0,0,0,0,0
52486,CLSC HI JARDIN ,1,BLACK     ,WOMENS,WOMENS CLASS,1,          ,23,0,0,0,0,0,0,0,0,0,0,1,22,0,0,0,0,0,0,0,0,0,0,0,0,0,0
52487,CLSC HI JARDIN ,303,OLIVE     ,WOMENS,WOMENS CLASS,1,          ,57,0,0,0,0,0,0,0,0,0,0,0,57,0,0,0,0,0,0,0,0,0,0,0,0,0,0
52488,CLSC HI JARDIN ,400,BLUE      ,WOMENS,WOMENS CLASS,1,          ,28,0,0,0,0,0,15,0,0,0,0,0,13,0,0,0,0,0,0,0,0,0,0,0,0,0,0
52489,CLSC MID JARDIN,1,BLACK     ,WOMENS,WOMENS CLASS,1,          ,97,0,0,0,0,0,19,57,0,0,15,0,6,0,0,0,0,0,0,0,0,0,0,0,0,0,0
52490,CLSC MID JARDIN,303,OLIVE     ,WOMENS,WOMENS CLASS,1,          ,61,0,0,0,0,0,26,3,0,0,0,0,32,0,0,0,0,0,0,0,0,0,0,0,0,0,0
52491,CLSC MID JARDIN,400,BLUE      ,WOMENS,WOMENS CLASS,1,          ,15,0,0,0,0,0,12,3,0,0,0,0,0,0,0,0,0,0,0,0,0,0,0,0,0,0,0
52500,MCKINLEY       ,542,PURPLE    ,KIDS  ,KIDS OUTDOOR,1,          ,490,63,53,75,78,57,94,0,0,0,1,2,28,39,0,0,0,0,0,0,0,0,0,0,0,0,0
52501,MCKINLEY       ,1,BLACK     ,KIDS  ,KIDS OUTDOOR,1,          ,326,19,29,44,37,33,37,0,0,1,11,26,38,51,0,0,0,0,0,0,0,0,0,0,0,0,0
52502,CLSC TUSCANY   ,1,BLACK     ,KIDS  ,KIDS CLASSIC,1,          ,7,0,1,0,0,0,0,4,1,0,0,0,1,0,0,0,0,0,0,0,0,0,0,0,0,0,0
52503,CLSC TUSCANY   ,441,AQUA      ,KIDS  ,KIDS CLASSIC,1,          ,36,0,0,0,0,0,0,0,1,0,35,0,0,0,0,0,0,0,0,0,0,0,0,0,0,0,0
52504,CLSC TUSCANY   ,531,VIOLET    ,KIDS  ,KIDS CLASSIC,1,          ,192,0,0,0,0,44,63,28,53,0,1,3,0,0,0,0,0,0,0,0,0,0,0,0,0,0,0
52505,CLSC TUSCANY   ,650,PINK      ,KIDS  ,KIDS CLASSIC,1,          ,33,0,0,0,0,2,30,0,0,0,0,0,0,1,0,0,0,0,0,0,0,0,0,0,0,0,0
52506,CLASSIC DAISY L,542,PURPLE    ,KIDS  ,KIDS CLASSIC,1,          ,3,0,0,0,0,0,3,0,0,0,0,0,0,0,0,0,0,0,0,0,0,0,0,0,0,0,0
52507,CLASSIC DAISY L,400,BLUE      ,KIDS  ,KIDS CLASSIC,1,          ,1,0,0,0,0,0,0,0,0,0,0,1,0,0,0,0,0,0,0,0,0,0,0,0,0,0,0
52508,CLASSIC DAISY L,650,PINK      ,KIDS  ,KIDS CLASSIC,1,          ,131,0,0,0,51,53,27,0,0,0,0,0,0,0,0,0,0,0,0,0,0,0,0,0,0,0,0
52510,CLSC HI SPIDERS,1,BLACK     ,KIDS  ,KIDS CLASSIC,1,          ,158,0,1,3,20,6,44,62,21,1,0,0,0,0,0,0,0,0,0,0,0,0,0,0,0,0,0
52511,CLSC HI SPIDERS,20,GRAY      ,KIDS  ,KIDS CLASSIC,1,          ,144,0,0,1,0,13,41,34,48,0,0,7,0,0,0,0,0,0,0,0,0,0,0,0,0,0,0
52522,RUE            ,542,PURPLE    ,KIDS  ,KIDS OUTDOOR,1,          ,702,88,87,94,73,72,67,0,0,32,41,43,48,57,0,0,0,0,0,0,0,0,0,0,0,0,0
52523,RUE            ,400,BLUE      ,KIDS  ,KIDS OUTDOOR,1,          ,621,72,67,81,73,69,67,0,0,29,29,34,52,48,0,0,0,0,0,0,0,0,0,0,0,0,0
52524,RUE            ,650,PINK      ,KIDS  ,KIDS OUTDOOR,1,          ,"1,360",135,145,150,141,141,143,0,0,105,100,113,76,111,0,0,0,0,0,0,0,0,0,0,0,0,0
52551,CLSC HI HANDLES,444,TEAL      ,WOMENS,WOMENS CLASS,1,          ,117,0,0,0,0,0,30,0,0,0,33,54,0,0,0,0,0,0,0,0,0,0,0,0,0,0,0
52564,CLASSIC HIGH HA,542,PURPLE    ,KIDS  ,KIDS CLASSIC,1,          ,25,0,0,0,0,0,25,0,0,0,0,0,0,0,0,0,0,0,0,0,0,0,0,0,0,0,0
52565,CLASSIC HIGH HA,400,BLUE      ,KIDS  ,KIDS CLASSIC,1,          ,2,0,0,0,0,1,1,0,0,0,0,0,0,0,0,0,0,0,0,0,0,0,0,0,0,0,0
52570,ALEX           ,1,BLACK     ,WOMENS,WOMENS OUTDO,1,          ,1,0,0,0,0,0,0,0,0,1,0,0,0,0,0,0,0,0,0,0,0,0,0,0,0,0,0
60142,CLASSIC HIGH   ,1,BLACK     ,MENS  ,MENS CLASSIC,1,          ,"4,481",0,0,0,5,0,0,158,372,543,"1,000",893,635,541,180,81,0,31,28,6,4,4,0,0,0,0,0
60142,CLASSIC HIGH   ,1,BLACK     ,MENS  ,MENS CLASSIC,2,1/25/13,"3,440",0,0,0,0,12,24,198,198,672,780,654,624,204,42,0,14,0,0,6,6,6,0,0,0,0,0
60142AR ,CLASSIC HIGH   ,1,BLACK     ,MENS  ,MENS CLASSIC,1,          ,24,0,0,0,0,0,0,0,0,0,12,0,0,6,4,2,0,0,0,0,0,0,0,0,0,0,0
60152,CLASSIC HIGH   ,1,BLACK     ,WOMENS,WOMENS CLASS,1,          ,"1,950",0,0,0,0,0,125,351,397,547,414,95,21,0,0,0,0,0,0,0,0,0,0,0,0,0,0
60153,CLASSIC HIGH HA,1,BLACK     ,WOMENS,WOMENS CLASS,1,          ,"4,390",0,0,0,0,0,357,868,901,"1,128",741,304,91,0,0,0,0,0,0,0,0,0,0,0,0,0,0
60155,CLASSIC HIGH HA,5,BLK SMOOTH,WOMENS,WOMENS CLASS,1,          ,"6,059",0,0,0,0,0,654,"1,002","1,674","1,547","1,010",172,0,0,0,0,0,0,0,0,0,0,0,0,0,0,0
60156,CLSC MID HANDLE,1,BLACK     ,WOMENS,WOMENS CLASS,1,          ,558,0,0,0,0,0,55,117,159,90,106,31,0,0,0,0,0,0,0,0,0,0,0,0,0,0,0
60156,CLSC MID HANDLE,1,BLACK     ,WOMENS,WOMENS CLASS,2,2/4/13,592,0,0,0,0,0,24,42,216,186,36,48,40,0,0,0,0,0,0,0,0,0,0,0,0,0,0
60542,CLASSIC HIGH   ,973,MOSSY OAK ,MENS  ,MENS HUNTING,1,          ,"4,704",0,0,0,0,0,0,167,390,630,964,994,795,573,121,10,0,9,51,0,0,0,0,0,0,0,0
60542,CLASSIC HIGH   ,973,MOSSY OAK ,MENS  ,MENS HUNTING,2,1/25/13,"2,462",0,0,0,0,0,0,228,204,330,456,402,324,66,90,120,128,60,0,24,18,12,0,0,0,0,0
60544,CLSC HI 1000   ,973,MOSSY OAK ,MENS  ,MENS HUNTING,1,          ,19,0,0,0,0,0,0,0,0,0,0,0,0,10,1,0,0,1,7,0,0,0,0,0,0,0,0
60545,CLASSIC HIGH MT,973,MOSSY OAK ,MENS  ,MENS HUNTING,1,          ,551,0,0,0,0,0,0,19,104,104,91,82,77,47,25,0,0,0,2,0,0,0,0,0,0,0,0
61142,CLASSIC MID    ,1,BLACK     ,MENS  ,MENS CLASSIC,1,          ,"5,639",0,0,0,16,27,37,127,457,710,"1,181","1,296",822,466,268,82,54,56,31,3,3,3,0,0,0,0,0
61142,CLASSIC MID    ,1,BLACK     ,MENS  ,MENS CLASSIC,2,1/25/13,414,0,0,0,0,0,0,24,6,264,96,24,0,0,0,0,0,0,0,0,0,0,0,0,0,0,0
Style   ,Description    ,Clr,Color     ,Gender,Item Group  ,1/at once,   WIP ETA,   TOT ,1,2,3,4,5,6,7,8,9,10,11,12,13,14,15,16,17,18,19,20,21,22,    S ,    M ,    L ,   XL 
        ,               ,   ,          ,      ,            ,2/on WIP ,          ,       ,      ,      ,      ,      ,      ,      ,      ,      ,      ,      ,      ,      ,      ,      ,      ,      ,      ,      ,      ,      ,      ,      ,      ,      ,      ,      
61152,CLASSIC MID    ,1,BLACK     ,WOMENS,WOMENS CLASS,1,          ,"2,829",0,0,0,0,0,142,590,761,795,434,26,81,0,0,0,0,0,0,0,0,0,0,0,0,0,0
61152,CLASSIC MID    ,1,BLACK     ,WOMENS,WOMENS CLASS,2,2/23/13,300,0,0,0,0,0,96,0,0,0,24,180,0,0,0,0,0,0,0,0,0,0,0,0,0,0,0
61672,CLASSIC HIGH   ,973,MOSSY OAK ,KIDS  ,KIDS HUNTING,1,          ,"3,036",193,236,219,250,340,384,68,68,165,249,286,298,280,0,0,0,0,0,0,0,0,0,0,0,0,0
61672,CLASSIC HIGH   ,973,MOSSY OAK ,KIDS  ,KIDS HUNTING,2,12/13/12,318,36,36,54,66,48,78,0,0,0,0,0,0,0,0,0,0,0,0,0,0,0,0,0,0,0,0
61672,CLASSIC HIGH   ,973,MOSSY OAK ,KIDS  ,KIDS HUNTING,2,12/20/12,900,126,156,96,90,126,102,6,12,12,30,30,48,66,0,0,0,0,0,0,0,0,0,0,0,0,0
61672,CLASSIC HIGH   ,973,MOSSY OAK ,KIDS  ,KIDS HUNTING,2,1/26/13,600,42,144,42,156,108,72,24,12,0,0,0,0,0,0,0,0,0,0,0,0,0,0,0,0,0,0
66543,VALLEY WALKER  ,973,MOSSY OAK ,MENS  ,MENS HUNTING,1,          ,371,0,0,0,0,0,0,11,33,58,69,77,65,29,8,15,0,0,6,0,0,0,0,0,0,0,0
66543,VALLEY WALKER  ,973,MOSSY OAK ,MENS  ,MENS HUNTING,2,1/25/13,300,0,0,0,0,0,0,6,6,36,66,78,12,48,12,0,18,18,0,0,0,0,0,0,0,0,0
68142,TILLAMOOK BAY  ,1,BLACK     ,MENS  ,MENS OUTDOOR,1,          ,962,0,0,0,0,0,0,48,52,179,139,177,177,77,78,10,14,0,11,0,0,0,0,0,0,0,0
68142,TILLAMOOK BAY  ,1,BLACK     ,MENS  ,MENS OUTDOOR,2,11/1/12,129,0,0,0,0,0,0,16,16,5,10,36,29,14,0,0,3,0,0,0,0,0,0,0,0,0,0
68142,TILLAMOOK BAY  ,1,BLACK     ,MENS  ,MENS OUTDOOR,2,2/4/13,"1,248",0,0,0,0,0,0,42,132,138,336,270,144,96,30,42,12,6,0,0,0,0,0,0,0,0,0
69142,RANCHER        ,1,BLACK     ,MENS  ,MENS INDUSTR,1,          ,"6,899",0,0,0,16,29,0,163,927,"1,261","1,387","1,316",855,585,263,44,30,9,14,0,0,0,0,0,0,0,0
69162,ROPER          ,963,BLK & BRN ,MENS  ,MENS INDUSTR,1,          ,"1,494",0,0,0,0,0,0,85,136,210,343,329,169,128,60,20,14,0,0,0,0,0,0,0,0,0,0
69172,RANCHER STL TOE,1,BLACK     ,MENS  ,MENS INDUSTR,1,          ,"1,955",0,0,0,0,0,0,48,206,352,345,349,244,189,107,41,29,19,26,0,0,0,0,0,0,0,0
71005,ROSE           ,400,BLUE      ,WOMENS,WOMENS OUTDO,1,          ,124,0,0,0,0,0,5,21,41,41,14,2,0,0,0,0,0,0,0,0,0,0,0,0,0,0,0
71006,ROSE           ,200,BROWN     ,WOMENS,WOMENS OUTDO,1,          ,58,0,0,0,0,0,3,3,16,14,16,6,0,0,0,0,0,0,0,0,0,0,0,0,0,0,0
71007,ROSE           ,1,BLACK     ,WOMENS,WOMENS OUTDO,1,          ,829,0,0,0,0,0,57,143,221,218,135,55,0,0,0,0,0,0,0,0,0,0,0,0,0,0,0
71008,ROSE           ,300,GREEN     ,WOMENS,WOMENS OUTDO,1,          ,135,0,0,0,0,0,6,9,44,38,31,5,2,0,0,0,0,0,0,0,0,0,0,0,0,0,0
71009,CLASSIC SHORT  ,1,BLACK     ,WOMENS,WOMENS CLASS,1,          ,447,0,0,0,0,0,26,111,103,121,59,25,2,0,0,0,0,0,0,0,0,0,0,0,0,0,0
71010,CLASSIC SHORT  ,400,BLUE      ,WOMENS,WOMENS CLASS,1,          ,129,0,0,0,0,0,11,20,37,36,15,10,0,0,0,0,0,0,0,0,0,0,0,0,0,0,0
71012,CLSC SHT MAY FL,1,BLACK     ,WOMENS,WOMENS CLASS,1,          ,162,0,0,0,0,0,21,56,41,36,3,5,0,0,0,0,0,0,0,0,0,0,0,0,0,0,0
71013,CLSC SHT MAY FL,200,BROWN     ,WOMENS,WOMENS CLASS,1,          ,193,0,0,0,0,0,18,48,45,51,28,1,2,0,0,0,0,0,0,0,0,0,0,0,0,0,0
71013,CLSC SHT MAY FL,307,OLIVE BRN ,WOMENS,WOMENS CLASS,1,          ,4,0,0,0,0,0,0,0,4,0,0,0,0,0,0,0,0,0,0,0,0,0,0,0,0,0,0
71014,CLSC SHT MAY FL,20,GRAY      ,WOMENS,WOMENS CLASS,1,          ,110,0,0,0,0,0,17,30,20,13,25,5,0,0,0,0,0,0,0,0,0,0,0,0,0,0,0
71015,CLSC SHT MAY FL,400,BLUE      ,WOMENS,WOMENS CLASS,1,          ,88,0,0,0,0,0,28,36,0,14,8,2,0,0,0,0,0,0,0,0,0,0,0,0,0,0,0
71016,RUE GUM RUBBER ,400,BLUE      ,WOMENS,WOMENS OUTDO,1,          ,14,0,0,0,0,0,1,0,0,2,1,6,4,0,0,0,0,0,0,0,0,0,0,0,0,0,0
71017,RUE GUM RUBBER ,200,BROWN     ,WOMENS,WOMENS OUTDO,1,          ,43,0,0,0,0,0,0,0,3,7,11,14,8,0,0,0,0,0,0,0,0,0,0,0,0,0,0
71018,RUE GUM RUBBER ,1,BLACK     ,WOMENS,WOMENS OUTDO,1,          ,428,0,0,0,0,0,26,86,102,102,67,34,11,0,0,0,0,0,0,0,0,0,0,0,0,0,0
71018,RUE GUM RUBBER ,1,BLACK     ,WOMENS,WOMENS OUTDO,2,2/4/13,300,0,0,0,0,0,54,42,84,72,30,18,0,0,0,0,0,0,0,0,0,0,0,0,0,0,0
71019,RUE GUM RUBBER ,300,GREEN     ,WOMENS,WOMENS OUTDO,1,          ,190,0,0,0,0,0,21,41,54,30,33,11,0,0,0,0,0,0,0,0,0,0,0,0,0,0,0
71020,RUE AMBROSIA   ,511,GRAPE     ,WOMENS,WOMENS OUTDO,1,          ,243,0,0,0,0,0,39,80,62,31,25,6,0,0,0,0,0,0,0,0,0,0,0,0,0,0,0
71021,RUE AMBROSIA   ,300,GREEN     ,WOMENS,WOMENS OUTDO,1,          ,98,0,0,0,0,0,9,18,23,18,19,11,0,0,0,0,0,0,0,0,0,0,0,0,0,0,0
71022,RUE AMBROSIA   ,400,BLUE      ,WOMENS,WOMENS OUTDO,1,          ,95,0,0,0,0,0,14,34,12,15,16,4,0,0,0,0,0,0,0,0,0,0,0,0,0,0,0
71023,CHARLOT GUM RUB,400,BLUE      ,WOMENS,WOMENS OUTDO,1,          ,47,0,0,0,0,0,3,3,5,12,19,3,2,0,0,0,0,0,0,0,0,0,0,0,0,0,0
71024,CHARLOT GUM RUB,200,BROWN     ,WOMENS,WOMENS OUTDO,1,          ,12,0,0,0,0,0,3,0,3,0,0,5,1,0,0,0,0,0,0,0,0,0,0,0,0,0,0
71025,CHARLOT GUM RUB,1,BLACK     ,WOMENS,WOMENS OUTDO,1,          ,230,0,0,0,0,0,16,47,52,64,38,12,1,0,0,0,0,0,0,0,0,0,0,0,0,0,0
71026,CHARLOT GUM RUB,300,GREEN     ,WOMENS,WOMENS OUTDO,1,          ,5,0,0,0,0,0,0,0,1,0,0,3,1,0,0,0,0,0,0,0,0,0,0,0,0,0,0
71027,MAY FLOWERS    ,1,BLACK     ,WOMENS,WOMENS CLASS,1,          ,6,0,0,0,0,0,0,0,0,0,0,6,0,0,0,0,0,0,0,0,0,0,0,0,0,0,0
71028,MAY FLOWERS    ,303,OLIVE     ,WOMENS,WOMENS CLASS,1,          ,18,0,0,0,0,0,0,0,0,0,0,18,0,0,0,0,0,0,0,0,0,0,0,0,0,0,0
71029,MAY FLOWERS    ,20,GRAY      ,WOMENS,WOMENS CLASS,1,          ,1,0,0,0,0,0,0,0,0,0,0,1,0,0,0,0,0,0,0,0,0,0,0,0,0,0,0
71030,MAY FLOWERS    ,400,BLUE      ,WOMENS,WOMENS CLASS,1,          ,27,0,0,0,0,0,14,0,0,0,0,11,2,0,0,0,0,0,0,0,0,0,0,0,0,0,0
71031,CLSC MID AMBROS,1,BLACK     ,WOMENS,WOMENS CLASS,1,          ,2,0,0,0,0,0,0,2,0,0,0,0,0,0,0,0,0,0,0,0,0,0,0,0,0,0,0
71032,CLSC MID AMBROS,400,BLUE      ,WOMENS,WOMENS CLASS,1,          ,53,0,0,0,0,0,9,11,4,1,8,20,0,0,0,0,0,0,0,0,0,0,0,0,0,0,0
71033,CLSC MID AMBROS,20,GRAY      ,WOMENS,WOMENS CLASS,1,          ,189,0,0,0,0,0,11,36,59,44,32,5,2,0,0,0,0,0,0,0,0,0,0,0,0,0,0
71034,CLASSIC SHORT  ,1,BLACK     ,MENS  ,MENS CLASSIC,1,          ,98,0,0,0,0,0,0,4,35,21,0,0,1,11,16,0,0,0,5,1,1,3,0,0,0,0,0
71034,CLASSIC SHORT  ,1,BLACK     ,MENS  ,MENS CLASSIC,2,2/4/13,283,0,0,0,0,0,0,0,24,66,72,57,42,12,0,4,6,0,0,0,0,0,0,0,0,0,0
71035,RANCHER SHORT  ,1,BLACK     ,MENS  ,MENS CLASSIC,1,          ,29,0,0,0,0,0,0,3,0,10,1,1,0,2,12,0,0,0,0,0,0,0,0,0,0,0,0
71036B  ,BURNSIDE       ,13,CHARCOAL  ,KIDS  ,KIDS OUTDOOR,1,          ,73,7,12,6,5,8,8,0,0,3,3,8,7,6,0,0,0,0,0,0,0,0,0,0,0,0,0
71037B  ,BURNSIDE       ,400,BLUE      ,KIDS  ,KIDS OUTDOOR,1,          ,35,3,3,5,4,5,3,0,0,2,1,3,3,3,0,0,0,0,0,0,0,0,0,0,0,0,0
71038B  ,BURNSIDE       ,600,RED       ,KIDS  ,KIDS OUTDOOR,1,          ,46,3,3,4,5,7,5,0,0,6,1,3,4,5,0,0,0,0,0,0,0,0,0,0,0,0,0
Style   ,Description    ,Clr,Color     ,Gender,Item Group  ,1/at once,   WIP ETA,   TOT ,1,2,3,4,5,6,7,8,9,10,11,12,13,14,15,16,17,18,19,20,21,22,    S ,    M ,    L ,   XL 
        ,               ,   ,          ,      ,            ,2/on WIP ,          ,       ,      ,      ,      ,      ,      ,      ,      ,      ,      ,      ,      ,      ,      ,      ,      ,      ,      ,      ,      ,      ,      ,      ,      ,      ,      ,      
71055,BRIDGEPORT LEA ,202,CHOCOLATE ,MENS  ,MENS OUTDOOR,1,          ,41,0,0,0,0,0,0,0,1,9,2,10,9,5,5,0,0,0,0,0,0,0,0,0,0,0,0
71056,BRIDGEPORT LEA ,1,BLACK     ,MENS  ,MENS OUTDOOR,1,          ,194,0,0,0,0,0,0,0,23,35,40,43,28,20,5,0,0,0,0,0,0,0,0,0,0,0,0
71061,FREMONT        ,203,COFFEE    ,MENS  ,MENS OUTDOOR,1,          ,16,0,0,0,0,0,0,0,4,1,0,4,2,0,5,0,0,0,0,0,0,0,0,0,0,0,0
71062,FREMONT        ,1,BLACK     ,MENS  ,MENS OUTDOOR,1,          ,566,0,0,0,0,0,0,0,53,89,120,137,95,58,14,0,0,0,0,0,0,0,0,0,0,0,0
71065,WORLD SLAM     ,973,MOSSY OAK ,MENS  ,MENS HUNTING,1,          ,564,0,0,0,8,7,15,30,56,82,104,93,82,70,17,0,0,0,0,0,0,0,0,0,0,0,0
71065,WORLD SLAM     ,973,MOSSY OAK ,MENS  ,MENS HUNTING,2,2/4/13,300,0,0,0,6,12,6,0,0,12,66,96,60,12,30,0,0,0,0,0,0,0,0,0,0,0,0
71066,WORLD SLAM     ,974,REALTREE  ,MENS  ,MENS HUNTING,1,          ,377,0,0,0,0,0,18,19,44,61,66,67,70,22,10,0,0,0,0,0,0,0,0,0,0,0,0
71067,WORLD SLAM     ,300,GREEN     ,MENS  ,MENS HUNTING,1,          ,109,0,0,0,0,0,0,7,8,16,14,27,17,16,4,0,0,0,0,0,0,0,0,0,0,0,0
71068,BLAZE EXTREME  ,973,MOSSY OAK ,MENS  ,MENS HUNTING,1,          ,256,0,0,0,0,0,0,0,2,31,46,64,92,21,0,0,0,0,0,0,0,0,0,0,0,0,0
71071,BOWMAN         ,973,MOSSY OAK ,MENS  ,MENS HUNTING,1,          ,"1,309",0,0,0,5,10,18,49,141,202,223,228,229,148,56,0,0,0,0,0,0,0,0,0,0,0,0
71072,BOWMAN         ,974,REALTREE  ,MENS  ,MENS HUNTING,1,          ,59,0,0,0,1,1,0,2,1,26,12,0,5,2,9,0,0,0,0,0,0,0,0,0,0,0,0
71072,BOWMAN         ,974,REALTREE  ,MENS  ,MENS HUNTING,2,1/25/13,297,0,0,0,6,6,6,0,30,18,66,75,66,24,0,0,0,0,0,0,0,0,0,0,0,0,0
71073,BOWMAN         ,300,GREEN     ,MENS  ,MENS HUNTING,1,          ,180,0,0,0,0,0,0,7,17,27,40,42,37,5,5,0,0,0,0,0,0,0,0,0,0,0,0
71074,CLASSIC HIGH   ,300,GREEN     ,MENS  ,MENS CLASSIC,1,          ,34,0,0,0,0,0,0,1,0,14,0,0,6,13,0,0,0,0,0,0,0,0,0,0,0,0,0
71075,EAGLE CAP      ,973,MOSSY OAK ,MENS  ,MENS HUNTING,1,          ,"1,190",0,0,0,6,9,13,13,105,163,255,244,213,128,41,0,0,0,0,0,0,0,0,0,0,0,0
71075,EAGLE CAP      ,973,MOSSY OAK ,MENS  ,MENS HUNTING,2,2/4/13,342,0,0,0,6,6,6,6,30,54,96,96,24,6,12,0,0,0,0,0,0,0,0,0,0,0,0
71076,EAGLE CAP      ,974,REALTREE  ,MENS  ,MENS HUNTING,1,          ,433,0,0,0,0,2,29,20,42,72,85,87,78,10,8,0,0,0,0,0,0,0,0,0,0,0,0
71077,EAGLE CAP      ,300,GREEN     ,MENS  ,MENS HUNTING,1,          ,248,0,0,0,13,10,15,8,15,40,39,47,49,5,7,0,0,0,0,0,0,0,0,0,0,0,0
71081,BRIDGEPORT     ,973,MOSSY OAK ,MENS  ,MENS HUNTING,1,          ,284,0,0,0,0,0,0,0,18,28,53,65,79,31,10,0,0,0,0,0,0,0,0,0,0,0,0
71082,BRIDGEPORT     ,974,REALTREE  ,MENS  ,MENS HUNTING,1,          ,536,0,0,0,0,0,0,0,39,78,121,119,112,56,11,0,0,0,0,0,0,0,0,0,0,0,0
71082,BRIDGEPORT     ,974,REALTREE  ,MENS  ,MENS HUNTING,2,12/13/12,372,0,0,0,0,0,0,0,42,48,90,84,60,30,18,0,0,0,0,0,0,0,0,0,0,0,0
71084,SEYMOUR        ,202,CHOCOLATE ,WOMENS,WOMENS TAILO,1,          ,167,0,0,0,0,0,16,24,46,40,25,16,0,0,0,0,0,0,0,0,0,0,0,0,0,0,0
71087,SEYMOUR        ,1,BLACK     ,WOMENS,WOMENS TAILO,1,          ,197,0,0,0,0,0,18,33,53,51,27,15,0,0,0,0,0,0,0,0,0,0,0,0,0,0,0
71088,HUDSON         ,202,CHOCOLATE ,WOMENS,WOMENS TAILO,1,          ,275,0,0,0,0,0,26,54,60,73,45,17,0,0,0,0,0,0,0,0,0,0,0,0,0,0,0
71091,HUDSON         ,1,BLACK     ,WOMENS,WOMENS TAILO,1,          ,113,0,0,0,0,0,10,13,36,23,20,11,0,0,0,0,0,0,0,0,0,0,0,0,0,0,0
71097,DRAKE          ,235,TOFFEE    ,WOMENS,WOMENS TAILO,1,          ,327,0,0,0,0,0,14,69,110,78,56,0,0,0,0,0,0,0,0,0,0,0,0,0,0,0,0
71099,DRAKE          ,1,BLACK     ,WOMENS,WOMENS TAILO,1,          ,316,0,0,0,0,0,22,52,94,98,50,0,0,0,0,0,0,0,0,0,0,0,0,0,0,0,0
71100,DRAKE          ,300,GREEN     ,WOMENS,WOMENS TAILO,1,          ,246,0,0,0,0,0,23,56,70,62,35,0,0,0,0,0,0,0,0,0,0,0,0,0,0,0,0
71111,PLIMSOLL T LEAF,9,BLK MULTI ,WOMENS,WOMENS OUTDO,1,          ,190,0,0,0,0,0,73,18,13,28,41,8,9,0,0,0,0,0,0,0,0,0,0,0,0,0,0
71112,PLIMSOLL T LEAF,207,CHOC MULTI,WOMENS,WOMENS OUTDO,1,          ,198,0,0,0,0,0,13,30,31,33,38,32,21,0,0,0,0,0,0,0,0,0,0,0,0,0,0
71113,PLIMSOLL T LEAF,460,BLUE MULTI,WOMENS,WOMENS OUTDO,1,          ,194,0,0,0,0,0,25,18,39,36,46,23,7,0,0,0,0,0,0,0,0,0,0,0,0,0,0
71115,PLIMSOLL T LEAF,770,GNGR MULTI,WOMENS,WOMENS OUTDO,1,          ,133,0,0,0,0,0,14,25,19,32,24,13,6,0,0,0,0,0,0,0,0,0,0,0,0,0,0
71116,PLIMSOLL M LEAF,9,BLK MULTI ,WOMENS,WOMENS OUTDO,1,          ,652,0,0,0,0,0,79,155,157,137,86,20,18,0,0,0,0,0,0,0,0,0,0,0,0,0,0
71117,PLIMSOLL M LEAF,207,CHOC MULTI,WOMENS,WOMENS OUTDO,1,          ,334,0,0,0,0,0,33,64,76,77,48,21,15,0,0,0,0,0,0,0,0,0,0,0,0,0,0
71118,PLIMSOLL M LEAF,460,BLUE MULTI,WOMENS,WOMENS OUTDO,1,          ,213,0,0,0,0,0,15,43,51,52,22,25,5,0,0,0,0,0,0,0,0,0,0,0,0,0,0
71120,PLIMSOLL M LEAF,770,GNGR MULTI,WOMENS,WOMENS OUTDO,1,          ,76,0,0,0,0,0,6,14,15,19,10,8,4,0,0,0,0,0,0,0,0,0,0,0,0,0,0
71121,PLIMSOLL TALL  ,1,BLACK     ,WOMENS,WOMENS OUTDO,1,          ,"1,465",0,0,0,0,0,146,247,314,302,216,177,63,0,0,0,0,0,0,0,0,0,0,0,0,0,0
71122,PLIMSOLL TALL  ,300,GREEN     ,WOMENS,WOMENS OUTDO,1,          ,299,0,0,0,0,0,29,63,75,67,39,16,10,0,0,0,0,0,0,0,0,0,0,0,0,0,0
71123,PLIMSOLL TALL  ,20,GRAY      ,WOMENS,WOMENS OUTDO,1,          ,470,0,0,0,0,0,39,82,115,116,66,38,14,0,0,0,0,0,0,0,0,0,0,0,0,0,0
71124,PLIMSOLL TALL  ,400,BLUE      ,WOMENS,WOMENS OUTDO,1,          ,133,0,0,0,0,0,5,17,31,38,18,21,3,0,0,0,0,0,0,0,0,0,0,0,0,0,0
71125,PLIMSOLL M VINT,9,BLK MULTI ,WOMENS,WOMENS OUTDO,1,          ,58,0,0,0,0,0,29,4,0,0,9,16,0,0,0,0,0,0,0,0,0,0,0,0,0,0,0
71126,PLIMSOLL M VINT,207,CHOC MULTI,WOMENS,WOMENS OUTDO,1,          ,122,0,0,0,0,0,20,22,17,34,15,9,5,0,0,0,0,0,0,0,0,0,0,0,0,0,0
71127,PLIMSOLL M VINT,492,NAVY MULTI,WOMENS,WOMENS OUTDO,1,          ,11,0,0,0,0,0,0,0,0,0,3,8,0,0,0,0,0,0,0,0,0,0,0,0,0,0,0
71128,PLIMSOLL M VINT,641,BURG MULTI,WOMENS,WOMENS OUTDO,1,          ,4,0,0,0,0,0,3,0,0,0,0,1,0,0,0,0,0,0,0,0,0,0,0,0,0,0,0
71130,CLSC HI MUMSIE ,9,BLK MULTI ,WOMENS,WOMENS CLASS,1,          ,323,0,0,0,0,0,18,87,70,66,54,25,3,0,0,0,0,0,0,0,0,0,0,0,0,0,0
71131,CLSC HI MUMSIE ,641,BURG MULTI,WOMENS,WOMENS CLASS,1,          ,224,0,0,0,0,0,14,47,52,53,28,28,2,0,0,0,0,0,0,0,0,0,0,0,0,0,0
71132,CLSC HI MUMSIE ,62,GRAY MULTI,WOMENS,WOMENS CLASS,1,          ,852,0,0,0,0,0,83,181,208,182,147,49,2,0,0,0,0,0,0,0,0,0,0,0,0,0,0
71133,CLSC HI VINTAGE,9,BLK MULTI ,WOMENS,WOMENS CLASS,1,          ,974,0,0,0,0,0,144,236,255,180,114,45,0,0,0,0,0,0,0,0,0,0,0,0,0,0,0
71134,CLSC HI VINTAGE,302,OLIVE MLTI,WOMENS,WOMENS CLASS,1,          ,165,0,0,0,0,0,5,27,44,48,23,10,8,0,0,0,0,0,0,0,0,0,0,0,0,0,0
71135,CLSC HI VINTAGE,641,BURG MULTI,WOMENS,WOMENS CLASS,1,          ,209,0,0,0,0,0,19,37,48,44,35,19,7,0,0,0,0,0,0,0,0,0,0,0,0,0,0
Style   ,Description    ,Clr,Color     ,Gender,Item Group  ,1/at once,   WIP ETA,   TOT ,1,2,3,4,5,6,7,8,9,10,11,12,13,14,15,16,17,18,19,20,21,22,    S ,    M ,    L ,   XL 
        ,               ,   ,          ,      ,            ,2/on WIP ,          ,       ,      ,      ,      ,      ,      ,      ,      ,      ,      ,      ,      ,      ,      ,      ,      ,      ,      ,      ,      ,      ,      ,      ,      ,      ,      ,      
71136,CLSC HI VINTAGE,492,NAVY MULTI,WOMENS,WOMENS CLASS,1,          ,381,0,0,0,0,0,24,59,110,98,60,24,6,0,0,0,0,0,0,0,0,0,0,0,0,0,0
71137,CLSC HI STARGAZ,9,BLK MULTI ,WOMENS,WOMENS CLASS,1,          ,"1,087",0,0,0,0,0,101,207,234,277,201,66,1,0,0,0,0,0,0,0,0,0,0,0,0,0,0
71138,CLSC HI STARGAZ,207,CHOC MULTI,WOMENS,WOMENS CLASS,1,          ,"1,228",0,0,0,0,0,138,235,302,245,235,73,0,0,0,0,0,0,0,0,0,0,0,0,0,0,0
71139,CLSC HI STARGAZ,492,NAVY MULTI,WOMENS,WOMENS CLASS,1,          ,59,0,0,0,0,0,0,1,0,22,29,6,1,0,0,0,0,0,0,0,0,0,0,0,0,0,0
71141,CLASSIC HIGH   ,300,GREEN     ,WOMENS,WOMENS CLASS,1,          ,721,0,0,0,0,0,68,146,194,175,92,29,17,0,0,0,0,0,0,0,0,0,0,0,0,0,0
71142,CLASSIC HIGH   ,400,BLUE      ,WOMENS,WOMENS CLASS,1,          ,143,0,0,0,0,0,11,24,34,36,19,14,5,0,0,0,0,0,0,0,0,0,0,0,0,0,0
71143,CLASSIC HIGH   ,223,RUST      ,WOMENS,WOMENS CLASS,1,          ,175,0,0,0,0,0,7,29,49,46,38,5,1,0,0,0,0,0,0,0,0,0,0,0,0,0,0
71144,CLSC SHT MUMSIE,9,BLK MULTI ,WOMENS,WOMENS CLASS,1,          ,200,0,0,0,0,0,16,38,56,58,20,9,3,0,0,0,0,0,0,0,0,0,0,0,0,0,0
71145,CLSC SHT MUMSIE,641,BURG MULTI,WOMENS,WOMENS CLASS,1,          ,62,0,0,0,0,0,7,9,17,11,15,3,0,0,0,0,0,0,0,0,0,0,0,0,0,0,0
71146,CLSC SHT MUMSIE,62,GRAY MULTI,WOMENS,WOMENS CLASS,1,          ,4,0,0,0,0,0,0,0,0,0,0,0,4,0,0,0,0,0,0,0,0,0,0,0,0,0,0
71147,CLASSIC SHORT  ,1,BLACK     ,WOMENS,WOMENS CLASS,1,          ,135,0,0,0,0,0,10,55,36,22,6,6,0,0,0,0,0,0,0,0,0,0,0,0,0,0,0
71147,CLASSIC SHORT  ,1,BLACK     ,WOMENS,WOMENS CLASS,2,2/4/13,299,0,0,0,0,0,30,6,60,78,66,42,17,0,0,0,0,0,0,0,0,0,0,0,0,0,0
71148,CLASSIC SHORT  ,300,GREEN     ,WOMENS,WOMENS CLASS,1,          ,13,0,0,0,0,0,0,0,0,4,1,6,2,0,0,0,0,0,0,0,0,0,0,0,0,0,0
71149,CLASSIC SHORT  ,400,BLUE      ,WOMENS,WOMENS CLASS,1,          ,14,0,0,0,0,0,1,2,1,0,0,6,4,0,0,0,0,0,0,0,0,0,0,0,0,0,0
71151,RUE            ,300,GREEN     ,WOMENS,WOMENS OUTDO,1,          ,429,0,0,0,0,0,44,78,106,95,65,33,8,0,0,0,0,0,0,0,0,0,0,0,0,0,0
71152,RUE            ,400,BLUE      ,WOMENS,WOMENS OUTDO,1,          ,177,0,0,0,0,0,9,32,52,51,24,6,3,0,0,0,0,0,0,0,0,0,0,0,0,0,0
71153,RUE            ,223,RUST      ,WOMENS,WOMENS OUTDO,1,          ,59,0,0,0,0,0,0,0,5,23,15,9,7,0,0,0,0,0,0,0,0,0,0,0,0,0,0
71154,RUE            ,202,CHOCOLATE ,WOMENS,WOMENS OUTDO,1,          ,71,0,0,0,0,0,3,10,19,17,13,5,4,0,0,0,0,0,0,0,0,0,0,0,0,0,0
71155,RUE LEAF       ,9,BLK MULTI ,WOMENS,WOMENS OUTDO,1,          ,75,0,0,0,0,0,1,54,0,9,0,11,0,0,0,0,0,0,0,0,0,0,0,0,0,0,0
71156,RUE LEAF       ,207,CHOC MULTI,WOMENS,WOMENS OUTDO,1,          ,45,0,0,0,0,0,10,0,1,2,17,14,1,0,0,0,0,0,0,0,0,0,0,0,0,0,0
71157,RUE LEAF       ,460,BLUE MULTI,WOMENS,WOMENS OUTDO,1,          ,6,0,0,0,0,0,3,0,0,0,0,1,2,0,0,0,0,0,0,0,0,0,0,0,0,0,0
71158,RUE LEAF       ,340,GRN MULTI ,WOMENS,WOMENS OUTDO,1,          ,5,0,0,0,0,0,1,2,0,0,0,2,0,0,0,0,0,0,0,0,0,0,0,0,0,0,0
71159,RUE LEAF       ,770,GNGR MULTI,WOMENS,WOMENS OUTDO,1,          ,3,0,0,0,0,0,0,0,0,0,0,0,3,0,0,0,0,0,0,0,0,0,0,0,0,0,0
71162,ROSE           ,62,GRAY MULTI,WOMENS,WOMENS OUTDO,1,          ,28,0,0,0,0,0,3,3,1,9,12,0,0,0,0,0,0,0,0,0,0,0,0,0,0,0,0
71163,ROSE           ,9,BLK MULTI ,WOMENS,WOMENS OUTDO,1,          ,361,0,0,0,0,0,35,67,85,82,64,27,1,0,0,0,0,0,0,0,0,0,0,0,0,0,0
71171,MCKINLEY       ,410,NAVY      ,KIDS  ,KIDS OUTDOOR,1,          ,271,27,27,29,24,24,19,0,0,17,25,24,29,26,0,0,0,0,0,0,0,0,0,0,0,0,0
71172,MCKINLEY       ,1,BLACK     ,KIDS  ,KIDS OUTDOOR,1,          ,309,62,39,25,8,15,11,0,0,8,8,21,51,61,0,0,0,0,0,0,0,0,0,0,0,0,0
71173,MCKINLEY       ,352,OLIVE CAMO,KIDS  ,KIDS OUTDOOR,1,          ,576,65,56,60,57,69,63,0,0,35,40,36,49,46,0,0,0,0,0,0,0,0,0,0,0,0,0
71174,MCKINLEY       ,300,GREEN     ,KIDS  ,KIDS OUTDOOR,1,          ,421,46,52,46,36,34,28,0,0,27,32,32,39,49,0,0,0,0,0,0,0,0,0,0,0,0,0
71175,CLSC FLAME     ,965,BLACK/RED ,KIDS  ,KIDS CLASSIC,1,          ,30,0,0,0,0,0,3,5,5,3,10,3,0,1,0,0,0,0,0,0,0,0,0,0,0,0,0
71176,CLSC FLAME     ,966,BLACK/BLUE,KIDS  ,KIDS CLASSIC,1,          ,13,0,0,0,0,0,0,6,5,2,0,0,0,0,0,0,0,0,0,0,0,0,0,0,0,0,0
71178,CLSC SNAKE     ,302,OLIVE MLTI,KIDS  ,KIDS CLASSIC,1,          ,"2,520",247,228,205,148,147,118,76,126,168,223,266,270,298,0,0,0,0,0,0,0,0,0,0,0,0,0
71179,CLSC SNAKE     ,9,BLK MULTI ,KIDS  ,KIDS CLASSIC,1,          ,100,0,0,0,0,2,0,20,22,26,29,1,0,0,0,0,0,0,0,0,0,0,0,0,0,0,0
71180,CLASSIC        ,300,GREEN     ,KIDS  ,KIDS CLASSIC,1,          ,79,7,8,8,9,7,5,6,6,1,7,1,6,8,0,0,0,0,0,0,0,0,0,0,0,0,0
71181,CLASSIC        ,410,NAVY      ,KIDS  ,KIDS CLASSIC,1,          ,168,2,0,0,4,4,9,10,0,0,18,6,103,12,0,0,0,0,0,0,0,0,0,0,0,0,0
71181,CLASSIC        ,410,NAVY      ,KIDS  ,KIDS CLASSIC,2,12/13/12,295,30,36,32,36,42,48,0,0,17,12,24,18,0,0,0,0,0,0,0,0,0,0,0,0,0,0
71182,MCKINLEY       ,650,PINK      ,KIDS  ,KIDS OUTDOOR,1,          ,442,63,56,48,42,47,32,0,0,7,16,34,44,53,0,0,0,0,0,0,0,0,0,0,0,0,0
71183,MCKINLEY       ,696,PINK CAMO ,KIDS  ,KIDS OUTDOOR,1,          ,561,63,58,61,56,67,65,0,0,16,35,39,55,46,0,0,0,0,0,0,0,0,0,0,0,0,0
71184,MCKINLEY       ,400,BLUE      ,KIDS  ,KIDS OUTDOOR,1,          ,87,13,10,6,7,7,10,0,0,4,3,6,11,10,0,0,0,0,0,0,0,0,0,0,0,0,0
71185,CLSC CRZY DAISY,540,PRPL MULTI,KIDS  ,KIDS CLASSIC,1,          ,446,24,23,7,0,12,95,8,25,42,77,43,50,40,0,0,0,0,0,0,0,0,0,0,0,0,0
71186,CLSC CRZY DAISY,460,BLUE MULTI,KIDS  ,KIDS CLASSIC,1,          ,367,0,0,0,0,0,0,12,13,21,67,88,82,84,0,0,0,0,0,0,0,0,0,0,0,0,0
71187,CLSC CRZY DAISY,690,PINK MULTI,KIDS  ,KIDS CLASSIC,1,          ,"1,077",34,77,65,94,105,71,6,6,18,167,165,164,105,0,0,0,0,0,0,0,0,0,0,0,0,0
71188,CLSC CRZY DAISY,9,BLK MULTI ,KIDS  ,KIDS CLASSIC,1,          ,51,0,0,0,0,3,23,6,2,0,9,2,0,6,0,0,0,0,0,0,0,0,0,0,0,0,0
71189,CLSC MUMSIE    ,492,NAVY MULTI,KIDS  ,KIDS CLASSIC,1,          ,"1,371",160,131,4,3,0,5,15,45,208,238,212,221,129,0,0,0,0,0,0,0,0,0,0,0,0,0
71190,CLSC MUMSIE    ,9,BLK MULTI ,KIDS  ,KIDS CLASSIC,1,          ,"3,116",353,383,196,45,26,40,107,143,82,238,418,474,611,0,0,0,0,0,0,0,0,0,0,0,0,0
71191,CLSC MUMSIE    ,540,PRPL MULTI,KIDS  ,KIDS CLASSIC,1,          ,159,6,3,2,3,2,1,3,4,3,20,55,36,21,0,0,0,0,0,0,0,0,0,0,0,0,0
71192,CLSC SPROUT    ,544,GRAPEMULTI,KIDS  ,KIDS CLASSIC,1,          ,884,92,106,95,86,87,75,10,34,45,44,72,66,72,0,0,0,0,0,0,0,0,0,0,0,0,0
71193,CLSC SPROUT    ,460,BLUE MULTI,KIDS  ,KIDS CLASSIC,1,          ,430,60,8,0,0,0,9,9,20,39,60,83,68,74,0,0,0,0,0,0,0,0,0,0,0,0,0
71194,CLSC SPROUT    ,460,BLUE MULTI,KIDS  ,KIDS CLASSIC,1,          ,"1,746",216,175,157,145,128,71,28,44,88,164,173,171,186,0,0,0,0,0,0,0,0,0,0,0,0,0
71195,CLASSIC        ,650,PINK      ,KIDS  ,KIDS CLASSIC,1,          ,34,0,2,0,4,7,14,2,2,0,0,0,0,3,0,0,0,0,0,0,0,0,0,0,0,0,0
Style   ,Description    ,Clr,Color     ,Gender,Item Group  ,1/at once,   WIP ETA,   TOT ,1,2,3,4,5,6,7,8,9,10,11,12,13,14,15,16,17,18,19,20,21,22,    S ,    M ,    L ,   XL 
        ,               ,   ,          ,      ,            ,2/on WIP ,          ,       ,      ,      ,      ,      ,      ,      ,      ,      ,      ,      ,      ,      ,      ,      ,      ,      ,      ,      ,      ,      ,      ,      ,      ,      ,      ,      
71197,BABY BOOT DAISY,460,BLUE MULTI,KIDS  ,BABY BOG BOO,1,          ,2,0,0,0,0,0,0,0,0,2,0,0,0,0,0,0,0,0,0,0,0,0,0,0,0,0,0
71198,BABY BOOT      ,540,PRPL MULTI,KIDS  ,BABY BOG BOO,2,12/13/12,65,0,0,0,0,0,0,0,7,35,23,0,0,0,0,0,0,0,0,0,0,0,0,0,0,0,0
71198,BABY BOOT      ,540,PRPL MULTI,KIDS  ,BABY BOG BOO,2,1/7/13,156,0,0,0,23,31,14,28,36,12,12,0,0,0,0,0,0,0,0,0,0,0,0,0,0,0,0
71199,BABY BOOT      ,460,BLUE MULTI,KIDS  ,BABY BOG BOO,1,          ,55,0,0,0,0,0,0,0,0,43,12,0,0,0,0,0,0,0,0,0,0,0,0,0,0,0,0
71199,BABY BOOT      ,460,BLUE MULTI,KIDS  ,BABY BOG BOO,2,1/7/13,177,0,0,0,14,15,18,16,42,24,48,0,0,0,0,0,0,0,0,0,0,0,0,0,0,0,0
71202,BABY BOOT      ,696,PINK CAMO ,KIDS  ,BABY BOG BOO,2,12/13/12,73,0,0,0,0,9,0,8,7,29,20,0,0,0,0,0,0,0,0,0,0,0,0,0,0,0,0
71202,BABY BOOT      ,696,PINK CAMO ,KIDS  ,BABY BOG BOO,2,2/23/13,369,0,0,0,38,48,79,72,60,36,36,0,0,0,0,0,0,0,0,0,0,0,0,0,0,0,0
71203,BABY BOOT      ,352,OLIVE CAMO,KIDS  ,BABY BOG BOO,1,          ,26,0,0,0,0,0,0,0,1,15,10,0,0,0,0,0,0,0,0,0,0,0,0,0,0,0,0
71203,BABY BOOT      ,352,OLIVE CAMO,KIDS  ,BABY BOG BOO,2,12/13/12,228,0,0,0,27,30,5,22,48,48,48,0,0,0,0,0,0,0,0,0,0,0,0,0,0,0,0
71203,BABY BOOT      ,352,OLIVE CAMO,KIDS  ,BABY BOG BOO,2,2/23/13,504,0,0,0,12,96,144,96,60,48,48,0,0,0,0,0,0,0,0,0,0,0,0,0,0,0,0
71215,CLSC MID MUMSIE,9,BLK MULTI ,WOMENS,WOMENS CLASS,1,          ,829,0,0,0,0,0,70,153,232,186,127,53,8,0,0,0,0,0,0,0,0,0,0,0,0,0,0
71216,CLSC MID MUMSIE,641,BURG MULTI,WOMENS,WOMENS CLASS,1,          ,443,0,0,0,0,0,37,46,135,104,83,38,0,0,0,0,0,0,0,0,0,0,0,0,0,0,0
71217,CLSC MID MUMSIE,62,GRAY MULTI,WOMENS,WOMENS CLASS,1,          ,634,0,0,0,0,0,50,122,183,156,88,29,6,0,0,0,0,0,0,0,0,0,0,0,0,0,0
71218,CLSC MID VINTAG,9,BLK MULTI ,WOMENS,WOMENS CLASS,1,          ,887,0,0,0,0,0,51,140,247,269,151,23,6,0,0,0,0,0,0,0,0,0,0,0,0,0,0
71219,CLSC MID VINTAG,302,OLIVE MLTI,WOMENS,WOMENS CLASS,1,          ,708,0,0,0,0,0,71,81,222,159,107,61,7,0,0,0,0,0,0,0,0,0,0,0,0,0,0
71220,CLSC MID VINTAG,641,BURG MULTI,WOMENS,WOMENS CLASS,1,          ,90,0,0,0,0,0,8,11,24,20,13,8,6,0,0,0,0,0,0,0,0,0,0,0,0,0,0
71221,CLSC MID VINTAG,492,NAVY MULTI,WOMENS,WOMENS CLASS,1,          ,425,0,0,0,0,0,48,72,94,79,68,60,4,0,0,0,0,0,0,0,0,0,0,0,0,0,0
71222,CLSC MID STARGA,9,BLK MULTI ,WOMENS,WOMENS CLASS,1,          ,647,0,0,0,0,0,57,134,134,159,112,51,0,0,0,0,0,0,0,0,0,0,0,0,0,0,0
71223,CLSC MID STARGA,207,CHOC MULTI,WOMENS,WOMENS CLASS,1,          ,475,0,0,0,0,0,66,116,108,82,62,41,0,0,0,0,0,0,0,0,0,0,0,0,0,0,0
71224,CLSC MID STARGA,492,NAVY MULTI,WOMENS,WOMENS CLASS,1,          ,27,0,0,0,0,0,0,5,16,3,3,0,0,0,0,0,0,0,0,0,0,0,0,0,0,0,0
71225,CLSC MID STARGA,540,PRPL MULTI,WOMENS,WOMENS CLASS,1,          ,18,0,0,0,0,0,7,8,0,0,3,0,0,0,0,0,0,0,0,0,0,0,0,0,0,0,0
71226,BUCKMAN        ,1,BLACK     ,MENS  ,MENS OUTDOOR,1,          ,58,0,0,0,0,0,0,0,7,15,15,8,8,3,2,0,0,0,0,0,0,0,0,0,0,0,0
71228,CHARLOT        ,300,GREEN     ,WOMENS,WOMENS OUTDO,1,          ,136,0,0,0,0,0,1,14,35,45,25,11,5,0,0,0,0,0,0,0,0,0,0,0,0,0,0
71229,CHARLOT        ,400,BLUE      ,WOMENS,WOMENS OUTDO,1,          ,89,0,0,0,0,0,5,8,31,25,11,6,3,0,0,0,0,0,0,0,0,0,0,0,0,0,0
71231,CHARLOT        ,202,CHOCOLATE ,WOMENS,WOMENS OUTDO,1,          ,16,0,0,0,0,0,1,3,5,3,1,2,1,0,0,0,0,0,0,0,0,0,0,0,0,0,0
71232,CHARLOT        ,1,BLACK     ,WOMENS,WOMENS OUTDO,1,          ,157,0,0,0,0,0,8,24,53,46,23,3,0,0,0,0,0,0,0,0,0,0,0,0,0,0,0
71233,CLASSIC MID    ,300,GREEN     ,WOMENS,WOMENS CLASS,1,          ,107,0,0,0,0,0,4,13,34,21,21,7,7,0,0,0,0,0,0,0,0,0,0,0,0,0,0
71234,CLASSIC MID    ,400,BLUE      ,WOMENS,WOMENS CLASS,1,          ,178,0,0,0,0,0,13,34,49,43,24,10,5,0,0,0,0,0,0,0,0,0,0,0,0,0,0
71235,CLASSIC MID    ,223,RUST      ,WOMENS,WOMENS CLASS,1,          ,11,0,0,0,0,0,0,0,0,2,4,1,4,0,0,0,0,0,0,0,0,0,0,0,0,0,0
71237,RIDER          ,300,GREEN     ,WOMENS,WOMENS OUTDO,1,          ,140,0,0,0,0,0,13,29,28,35,23,12,0,0,0,0,0,0,0,0,0,0,0,0,0,0,0
71240,CLASSIC        ,542,PURPLE    ,KIDS  ,KIDS CLASSIC,1,          ,65,9,2,0,0,0,0,0,1,0,20,10,0,23,0,0,0,0,0,0,0,0,0,0,0,0,0
71242,CLSC MUMSIE    ,690,PINK MULTI,KIDS  ,KIDS CLASSIC,1,          ,"1,021",114,122,115,94,96,79,16,17,41,57,94,65,111,0,0,0,0,0,0,0,0,0,0,0,0,0
71243,GLOSH          ,542,PURPLE    ,KIDS  ,KIDS GLOSH  ,1,          ,218,27,25,27,33,30,35,7,6,6,1,5,4,12,0,0,0,0,0,0,0,0,0,0,0,0,0
71244,GLOSH          ,652,BERRY     ,KIDS  ,KIDS GLOSH  ,1,          ,"2,573",377,313,258,254,21,27,0,91,97,203,280,311,341,0,0,0,0,0,0,0,0,0,0,0,0,0
71244,GLOSH          ,652,BERRY     ,KIDS  ,KIDS GLOSH  ,2,12/11/12,294,24,24,36,42,12,6,0,18,6,36,36,30,24,0,0,0,0,0,0,0,0,0,0,0,0,0
71245,GLOSH          ,650,PINK      ,KIDS  ,KIDS GLOSH  ,1,          ,"1,363",159,137,134,104,0,0,0,94,117,143,131,160,184,0,0,0,0,0,0,0,0,0,0,0,0,0
71246,GLOSH          ,300,GREEN     ,KIDS  ,KIDS GLOSH  ,1,          ,209,26,34,24,29,24,28,6,0,7,2,13,9,7,0,0,0,0,0,0,0,0,0,0,0,0,0
71247,GLOSH          ,400,BLUE      ,KIDS  ,KIDS GLOSH  ,1,          ,"2,489",452,313,303,287,31,31,0,44,75,86,181,296,390,0,0,0,0,0,0,0,0,0,0,0,0,0
71247,GLOSH          ,400,BLUE      ,KIDS  ,KIDS GLOSH  ,2,12/11/12,287,12,18,36,18,0,6,11,24,12,42,36,30,42,0,0,0,0,0,0,0,0,0,0,0,0,0
71248,GLOSH          ,800,ORANGE    ,KIDS  ,KIDS GLOSH  ,1,          ,286,33,26,22,27,12,20,8,10,8,33,32,24,31,0,0,0,0,0,0,0,0,0,0,0,0,0
71256,ULTRA MID      ,300,GREEN     ,MENS  ,MENS CLASSIC,1,          ,7,0,0,0,0,0,0,0,0,1,2,2,1,1,0,0,0,0,0,0,0,0,0,0,0,0,0
71257,CLASSIC        ,460,BLUE MULTI,KIDS  ,KIDS CLASSIC,1,          ,10,0,0,1,6,0,1,0,0,1,0,0,0,1,0,0,0,0,0,0,0,0,0,0,0,0,0
71260,GLOSH          ,1,BLACK     ,KIDS  ,KIDS GLOSH  ,1,          ,14,6,0,0,0,0,0,0,1,2,0,0,2,3,0,0,0,0,0,0,0,0,0,0,0,0,0
71260,GLOSH          ,1,BLACK     ,KIDS  ,KIDS GLOSH  ,2,12/11/12,245,30,30,32,33,32,30,0,6,6,4,6,12,24,0,0,0,0,0,0,0,0,0,0,0,0,0
71261,CLASSIC SPIDER ,62,GRAY MULTI,KIDS  ,KIDS CLASSIC,1,          ,15,1,1,3,1,1,0,0,2,1,2,0,0,3,0,0,0,0,0,0,0,0,0,0,0,0,0
71262,CLASSIC FLEUR  ,9,BLK MULTI ,KIDS  ,KIDS CLASSIC,1,          ,11,2,1,2,1,0,2,0,0,0,2,0,0,1,0,0,0,0,0,0,0,0,0,0,0,0,0
71263,CLASSIC BATIK  ,540,PRPL MULTI,KIDS  ,KIDS CLASSIC,1,          ,10,1,0,3,0,1,1,0,0,0,1,0,2,1,0,0,0,0,0,0,0,0,0,0,0,0,0
71265,CLASSIC HIGH   ,9,BLK MULTI ,WOMENS,WOMENS CLASS,1,          ,151,0,0,0,0,0,8,18,49,44,20,12,0,0,0,0,0,0,0,0,0,0,0,0,0,0,0
71266,CLASSIC MID    ,9,BLK MULTI ,WOMENS,WOMENS CLASS,1,          ,351,0,0,0,0,0,18,54,107,104,42,26,0,0,0,0,0,0,0,0,0,0,0,0,0,0,0
71267,CLASSIC HIGH   ,460,BLUE MULTI,WOMENS,WOMENS CLASS,1,          ,151,0,0,0,0,0,8,23,46,42,23,9,0,0,0,0,0,0,0,0,0,0,0,0,0,0,0
Style   ,Description    ,Clr,Color     ,Gender,Item Group  ,1/at once,   WIP ETA,   TOT ,1,2,3,4,5,6,7,8,9,10,11,12,13,14,15,16,17,18,19,20,21,22,    S ,    M ,    L ,   XL 
        ,               ,   ,          ,      ,            ,2/on WIP ,          ,       ,      ,      ,      ,      ,      ,      ,      ,      ,      ,      ,      ,      ,      ,      ,      ,      ,      ,      ,      ,      ,      ,      ,      ,      ,      ,      
71268,CLASSIC MID    ,460,BLUE MULTI,WOMENS,WOMENS CLASS,1,          ,631,0,0,0,0,0,38,92,187,190,74,50,0,0,0,0,0,0,0,0,0,0,0,0,0,0,0
71269,CLASSIC ULTRA  ,1,BLACK     ,MENS  ,MENS CLASSIC,1,          ,4,0,0,0,0,0,0,0,0,1,1,1,0,1,0,0,0,0,0,0,0,0,0,0,0,0,0
71271,CLSC HI DAISY  ,492,NAVY MULTI,WOMENS,WOMENS CLASS,2,12/31/12,30,0,0,0,0,0,0,10,12,5,0,0,3,0,0,0,0,0,0,0,0,0,0,0,0,0,0
71272,CLSC HI DAISY  ,9,BLK MULTI ,WOMENS,WOMENS CLASS,2,12/31/12,11,0,0,0,0,0,0,0,0,0,0,5,6,0,0,0,0,0,0,0,0,0,0,0,0,0,0
71272,CLSC HI DAISY  ,9,BLK MULTI ,WOMENS,WOMENS CLASS,2,1/16/13,217,0,0,0,0,0,15,34,63,58,35,12,0,0,0,0,0,0,0,0,0,0,0,0,0,0,0
71273,CLSC MID DAISY ,492,NAVY MULTI,WOMENS,WOMENS CLASS,2,12/31/12,6,0,0,0,0,0,0,0,0,0,0,0,6,0,0,0,0,0,0,0,0,0,0,0,0,0,0
71273,CLSC MID DAISY ,492,NAVY MULTI,WOMENS,WOMENS CLASS,2,1/16/13,58,0,0,0,0,0,0,22,22,14,0,0,0,0,0,0,0,0,0,0,0,0,0,0,0,0,0
71274,CLSC MID DAISY ,9,BLK MULTI ,WOMENS,WOMENS CLASS,2,12/31/12,38,0,0,0,0,0,0,8,13,10,5,2,0,0,0,0,0,0,0,0,0,0,0,0,0,0,0
71276,CLSC MID GARDEN,9,BLK MULTI ,WOMENS,WOMENS CLASS,2,12/31/12,8,0,0,0,0,0,0,0,0,0,0,5,3,0,0,0,0,0,0,0,0,0,0,0,0,0,0
71276,CLSC MID GARDEN,9,BLK MULTI ,WOMENS,WOMENS CLASS,2,1/16/13,239,0,0,0,0,0,30,48,56,59,40,6,0,0,0,0,0,0,0,0,0,0,0,0,0,0,0
71277,HARPER         ,492,NAVY MULTI,WOMENS,WOMENS OUTDO,2,1/16/13,19,0,0,0,0,0,0,0,6,3,2,4,4,0,0,0,0,0,0,0,0,0,0,0,0,0,0
71278,HARPER DAISY   ,9,BLK MULTI ,WOMENS,WOMENS OUTDO,2,1/16/13,35,0,0,0,0,0,0,4,7,10,4,6,4,0,0,0,0,0,0,0,0,0,0,0,0,0,0
71279,RUE            ,492,NAVY MULTI,WOMENS,WOMENS OUTDO,2,1/16/13,82,0,0,0,0,0,7,14,17,20,13,5,6,0,0,0,0,0,0,0,0,0,0,0,0,0,0
71280,RUE            ,9,BLK MULTI ,WOMENS,WOMENS OUTDO,2,12/24/12,8,0,0,0,0,0,8,0,0,0,0,0,0,0,0,0,0,0,0,0,0,0,0,0,0,0,0
71281,ROSE           ,492,NAVY MULTI,WOMENS,WOMENS OUTDO,2,12/31/12,51,0,0,0,0,0,7,8,13,12,7,2,2,0,0,0,0,0,0,0,0,0,0,0,0,0,0
71281,ROSE           ,492,NAVY MULTI,WOMENS,WOMENS OUTDO,2,2/4/13,360,0,0,0,0,0,48,48,72,72,72,48,0,0,0,0,0,0,0,0,0,0,0,0,0,0,0
71283,CLSC HI GARDEN ,340,GRN MULTI ,WOMENS,WOMENS CLASS,2,1/16/13,107,0,0,0,0,0,5,16,30,23,18,13,2,0,0,0,0,0,0,0,0,0,0,0,0,0,0
71284,CLSC HI GARDEN ,9,BLK MULTI ,WOMENS,WOMENS CLASS,2,12/26/12,8,0,0,0,0,0,0,0,0,0,0,4,4,0,0,0,0,0,0,0,0,0,0,0,0,0,0
71285,CLSC RAINBOOT  ,340,GRN MULTI ,WOMENS,WOMENS CLASS,2,12/11/12,91,0,0,0,0,0,9,17,19,18,16,12,0,0,0,0,0,0,0,0,0,0,0,0,0,0,0
71286,CLSC RAINBOOT  ,1,BLACK     ,WOMENS,WOMENS CLASS,1,          ,3,0,0,0,0,0,0,0,0,0,0,0,3,0,0,0,0,0,0,0,0,0,0,0,0,0,0
71286,CLSC RAINBOOT  ,1,BLACK     ,WOMENS,WOMENS CLASS,2,12/11/12,118,0,0,0,0,0,5,22,30,32,20,9,0,0,0,0,0,0,0,0,0,0,0,0,0,0,0
71287,CLSC RAINBOOT  ,300,GREEN     ,WOMENS,WOMENS CLASS,2,12/11/12,1,0,0,0,0,0,0,0,0,0,0,0,1,0,0,0,0,0,0,0,0,0,0,0,0,0,0
71287,CLSC RAINBOOT  ,300,GREEN     ,WOMENS,WOMENS CLASS,2,1/16/13,69,0,0,0,0,0,5,12,15,20,12,5,0,0,0,0,0,0,0,0,0,0,0,0,0,0,0
71288,CLSC RAINBOOT  ,500,PLUM      ,WOMENS,WOMENS CLASS,2,1/16/13,11,0,0,0,0,0,0,0,0,0,0,8,3,0,0,0,0,0,0,0,0,0,0,0,0,0,0
71288,CLSC RAINBOOT  ,500,PLUM      ,WOMENS,WOMENS CLASS,2,1/25/13,15,0,0,0,0,0,0,0,4,8,3,0,0,0,0,0,0,0,0,0,0,0,0,0,0,0,0
71289,CLSC RAINBOOT  ,9,BLK MULTI ,WOMENS,WOMENS CLASS,2,1/30/13,192,0,0,0,0,0,20,33,46,48,26,14,5,0,0,0,0,0,0,0,0,0,0,0,0,0,0
71290,CLSC RAINBOOT  ,492,NAVY MULTI,WOMENS,WOMENS CLASS,1,          ,1,0,0,0,0,0,0,0,0,0,0,0,1,0,0,0,0,0,0,0,0,0,0,0,0,0,0
71290,CLSC RAINBOOT  ,492,NAVY MULTI,WOMENS,WOMENS CLASS,2,12/11/12,8,0,0,0,0,0,0,0,0,0,3,5,0,0,0,0,0,0,0,0,0,0,0,0,0,0,0
71290,CLSC RAINBOOT  ,492,NAVY MULTI,WOMENS,WOMENS CLASS,2,1/25/13,124,0,0,0,0,0,13,23,34,30,18,6,0,0,0,0,0,0,0,0,0,0,0,0,0,0,0
71291,CLSC RAINBOOT  ,9,BLK MULTI ,WOMENS,WOMENS CLASS,2,12/12/12,1,0,0,0,0,0,0,0,0,0,0,0,1,0,0,0,0,0,0,0,0,0,0,0,0,0,0
71291,CLSC RAINBOOT  ,9,BLK MULTI ,WOMENS,WOMENS CLASS,2,1/16/13,21,0,0,0,0,0,6,6,2,5,0,2,0,0,0,0,0,0,0,0,0,0,0,0,0,0,0
71297,HARPER         ,600,RED       ,WOMENS,WOMENS OUTDO,1,          ,1,0,0,0,0,0,0,0,1,0,0,0,0,0,0,0,0,0,0,0,0,0,0,0,0,0,0
71298,HARPER         ,1,BLACK     ,WOMENS,WOMENS OUTDO,1,          ,3,0,0,0,0,0,0,0,0,0,0,0,3,0,0,0,0,0,0,0,0,0,0,0,0,0,0
71298,HARPER         ,1,BLACK     ,WOMENS,WOMENS OUTDO,2,12/31/12,93,0,0,0,0,0,6,8,19,29,17,14,0,0,0,0,0,0,0,0,0,0,0,0,0,0,0
71299,HARPER         ,300,GREEN     ,WOMENS,WOMENS OUTDO,2,12/31/12,27,0,0,0,0,0,0,10,4,10,0,2,1,0,0,0,0,0,0,0,0,0,0,0,0,0,0
71302,HARPER         ,700,YELLOW    ,WOMENS,WOMENS OUTDO,1,          ,1,0,0,0,0,0,0,0,1,0,0,0,0,0,0,0,0,0,0,0,0,0,0,0,0,0,0
71304,HARPER         ,9,BLK MULTI ,WOMENS,WOMENS OUTDO,1,          ,1,0,0,0,0,0,0,0,1,0,0,0,0,0,0,0,0,0,0,0,0,0,0,0,0,0,0
71307,RUE            ,300,GREEN     ,WOMENS,WOMENS OUTDO,2,1/16/13,169,0,0,0,0,0,17,33,43,34,21,15,6,0,0,0,0,0,0,0,0,0,0,0,0,0,0
71308,RUE            ,500,PLUM      ,WOMENS,WOMENS OUTDO,2,12/24/12,6,0,0,0,0,0,0,0,0,0,0,3,3,0,0,0,0,0,0,0,0,0,0,0,0,0,0
71308,RUE            ,500,PLUM      ,WOMENS,WOMENS OUTDO,2,1/25/13,48,0,0,0,0,0,8,7,9,13,11,0,0,0,0,0,0,0,0,0,0,0,0,0,0,0,0
71310,RUE            ,340,GRN MULTI ,WOMENS,WOMENS OUTDO,2,1/25/13,55,0,0,0,0,0,4,9,13,9,7,7,6,0,0,0,0,0,0,0,0,0,0,0,0,0,0
71311,RUE            ,9,BLK MULTI ,WOMENS,WOMENS OUTDO,1,          ,1,0,0,0,0,0,0,0,0,0,0,0,1,0,0,0,0,0,0,0,0,0,0,0,0,0,0
71313,ROSE           ,1,BLACK     ,WOMENS,WOMENS OUTDO,1,          ,20,0,0,0,0,0,4,4,8,4,0,0,0,0,0,0,0,0,0,0,0,0,0,0,0,0,0
71314,ROSE           ,300,GREEN     ,WOMENS,WOMENS OUTDO,1,          ,2,0,0,0,0,0,0,0,0,0,0,0,2,0,0,0,0,0,0,0,0,0,0,0,0,0,0
71314,ROSE           ,300,GREEN     ,WOMENS,WOMENS OUTDO,2,1/16/13,120,0,0,0,0,0,9,20,28,35,20,8,0,0,0,0,0,0,0,0,0,0,0,0,0,0,0
71315,ROSE           ,500,PLUM      ,WOMENS,WOMENS OUTDO,2,12/24/12,12,0,0,0,0,0,3,3,0,3,2,1,0,0,0,0,0,0,0,0,0,0,0,0,0,0,0
71317,ROSE           ,340,GRN MULTI ,WOMENS,WOMENS OUTDO,2,12/11/12,52,0,0,0,0,0,14,4,17,6,4,3,4,0,0,0,0,0,0,0,0,0,0,0,0,0,0
71318,ROSE           ,9,BLK MULTI ,WOMENS,WOMENS OUTDO,1,          ,2,0,0,0,0,0,0,0,0,0,0,0,2,0,0,0,0,0,0,0,0,0,0,0,0,0,0
71318,ROSE           ,9,BLK MULTI ,WOMENS,WOMENS OUTDO,2,1/16/13,189,0,0,0,0,0,21,34,50,46,27,11,0,0,0,0,0,0,0,0,0,0,0,0,0,0,0
71319,RAINBOOT       ,541,LAVR MULTI,KIDS  ,KIDS CLASSIC,2,12/24/12,28,0,0,4,5,5,6,3,5,0,0,0,0,0,0,0,0,0,0,0,0,0,0,0,0,0,0
Style   ,Description    ,Clr,Color     ,Gender,Item Group  ,1/at once,   WIP ETA,   TOT ,1,2,3,4,5,6,7,8,9,10,11,12,13,14,15,16,17,18,19,20,21,22,    S ,    M ,    L ,   XL 
        ,               ,   ,          ,      ,            ,2/on WIP ,          ,       ,      ,      ,      ,      ,      ,      ,      ,      ,      ,      ,      ,      ,      ,      ,      ,      ,      ,      ,      ,      ,      ,      ,      ,      ,      ,      
71319,RAINBOOT       ,541,LAVR MULTI,KIDS  ,KIDS CLASSIC,2,1/16/13,118,11,14,12,6,6,6,6,6,6,9,13,9,14,0,0,0,0,0,0,0,0,0,0,0,0,0
71320,RAINBOOT       ,340,GRN MULTI ,KIDS  ,KIDS CLASSIC,2,12/12/12,2,0,0,0,0,0,0,2,0,0,0,0,0,0,0,0,0,0,0,0,0,0,0,0,0,0,0
71320,RAINBOOT       ,340,GRN MULTI ,KIDS  ,KIDS CLASSIC,2,1/16/13,123,13,18,12,12,8,8,0,4,7,15,9,7,10,0,0,0,0,0,0,0,0,0,0,0,0,0
71321,RAINBOOT       ,690,PINK MULTI,KIDS  ,KIDS CLASSIC,2,12/10/12,3,0,0,0,0,0,0,1,1,0,0,1,0,0,0,0,0,0,0,0,0,0,0,0,0,0,0
71321,RAINBOOT       ,690,PINK MULTI,KIDS  ,KIDS CLASSIC,2,12/31/12,142,12,17,11,17,17,10,6,6,5,11,6,12,12,0,0,0,0,0,0,0,0,0,0,0,0,0
71322,RAINBOOT       ,9,BLK MULTI ,KIDS  ,KIDS CLASSIC,1,          ,8,0,0,0,0,0,0,2,0,6,0,0,0,0,0,0,0,0,0,0,0,0,0,0,0,0,0
71322,RAINBOOT       ,9,BLK MULTI ,KIDS  ,KIDS CLASSIC,2,12/12/12,85,5,2,0,5,12,8,12,16,12,3,6,4,0,0,0,0,0,0,0,0,0,0,0,0,0,0
71323,RAINBOOT       ,460,BLUE MULTI,KIDS  ,KIDS CLASSIC,1,          ,41,2,6,0,0,0,0,1,5,7,5,5,3,7,0,0,0,0,0,0,0,0,0,0,0,0,0
71324,RAINBOOT       ,449,AQUA MULTI,KIDS  ,KIDS CLASSIC,2,2/4/13,67,7,11,6,7,9,5,1,0,0,4,4,6,7,0,0,0,0,0,0,0,0,0,0,0,0,0
71325,RAINBOOT       ,1,BLACK     ,KIDS  ,KIDS CLASSIC,2,12/10/12,63,6,6,0,5,0,3,0,0,17,0,3,6,17,0,0,0,0,0,0,0,0,0,0,0,0,0
71325,RAINBOOT       ,1,BLACK     ,KIDS  ,KIDS CLASSIC,2,12/12/12,275,30,30,36,36,36,36,8,9,6,12,12,12,12,0,0,0,0,0,0,0,0,0,0,0,0,0
71326,RAINBOOT       ,411,NAVY/GREEN,KIDS  ,KIDS CLASSIC,2,1/16/13,64,3,4,10,12,7,10,0,0,0,7,3,3,5,0,0,0,0,0,0,0,0,0,0,0,0,0
71327,RAINBOOT       ,540,PRPL MULTI,KIDS  ,KIDS CLASSIC,1,          ,5,0,3,0,0,1,0,0,0,0,0,0,1,0,0,0,0,0,0,0,0,0,0,0,0,0,0
71328,RAINBOOT       ,750,YELLOW MLT,KIDS  ,KIDS CLASSIC,1,          ,29,2,0,0,0,0,2,3,4,3,3,7,5,0,0,0,0,0,0,0,0,0,0,0,0,0,0
71329,RAINBOOT       ,965,BLACK/RED ,KIDS  ,KIDS CLASSIC,2,12/24/12,46,1,0,0,7,7,8,4,2,4,7,0,3,3,0,0,0,0,0,0,0,0,0,0,0,0,0
71330,URBAN FARMER   ,1,BLACK     ,MENS  ,MENS OUTDOOR,2,12/31/12,28,0,0,0,0,0,0,5,0,0,0,3,8,8,4,0,0,0,0,0,0,0,0,0,0,0,0
71332,URBAN FARMER   ,303,OLIVE     ,MENS  ,MENS OUTDOOR,2,12/31/12,31,0,0,0,0,0,0,0,0,0,2,12,7,7,3,0,0,0,0,0,0,0,0,0,0,0,0
71335,FOOD PRO TALL  ,1,BLACK     ,MENS  ,MENS INDUSTR,2,3/15/13,133,0,0,0,0,0,0,0,15,18,31,32,18,9,10,0,0,0,0,0,0,0,0,0,0,0,0
71339,FOOD PRO ST TAL,1,BLACK     ,MENS  ,MENS INDUSTR,2,3/15/13,115,0,0,0,0,0,0,0,7,15,25,25,21,16,6,0,0,0,0,0,0,0,0,0,0,0,0
71343,FOOD PRO TALL  ,1,BLACK     ,MENS  ,MENS INDUSTR,1,          ,59,0,0,0,0,0,0,0,6,13,16,3,17,2,2,0,0,0,0,0,0,0,0,0,0,0,0
71343,FOOD PRO TALL  ,1,BLACK     ,MENS  ,MENS INDUSTR,2,12/13/12,269,0,0,0,0,0,0,11,12,42,54,72,36,30,12,0,0,0,0,0,0,0,0,0,0,0,0
71347,FOOD PRO ST    ,1,BLACK     ,MENS  ,MENS INDUSTR,2,1/7/13,174,0,0,0,0,0,0,10,12,23,38,40,27,13,11,0,0,0,0,0,0,0,0,0,0,0,0
71347,FOOD PRO ST    ,1,BLACK     ,MENS  ,MENS INDUSTR,2,3/15/13,300,0,0,0,0,0,0,24,36,54,54,54,42,30,6,0,0,0,0,0,0,0,0,0,0,0,0
71359,FOOD PRO MID   ,1,BLACK     ,MENS  ,MENS INDUSTR,2,3/15/13,197,0,0,0,0,0,0,9,15,31,45,40,32,17,8,0,0,0,0,0,0,0,0,0,0,0,0
71365,HIGHLINER TALL ,303,OLIVE     ,MENS  ,MENS INDUSTR,2,1/7/13,151,0,0,0,0,0,0,6,8,19,30,32,29,22,5,0,0,0,0,0,0,0,0,0,0,0,0
71365,HIGHLINER TALL ,303,OLIVE     ,MENS  ,MENS INDUSTR,2,3/15/13,480,0,0,0,0,0,0,24,54,72,102,96,72,42,18,0,0,0,0,0,0,0,0,0,0,0,0
71372,HIGHLINER LOW  ,303,OLIVE     ,MENS  ,MENS INDUSTR,2,3/15/13,131,0,0,0,0,0,0,12,15,21,24,25,19,10,5,0,0,0,0,0,0,0,0,0,0,0,0
71380,FRANKIE MID    ,9,BLK MULTI ,WOMENS,MENS RESERVE,1,          ,1,0,0,0,0,0,0,0,1,0,0,0,0,0,0,0,0,0,0,0,0,0,0,0,0,0,0
71392,BABY BOGS BOOT ,202,CHOCOLATE ,KIDS  ,BABY BOG BOO,1,          ,2,0,0,0,0,0,0,1,0,1,0,0,0,0,0,0,0,0,0,0,0,0,0,0,0,0,0
71392,BABY BOGS BOOT ,205,CHESTNUT  ,KIDS  ,BABY BOG BOO,1,          ,2,0,0,0,0,0,0,1,0,1,0,0,0,0,0,0,0,0,0,0,0,0,0,0,0,0,0
71401,TURF STOMPER   ,202,CHOCOLATE ,MENS  ,MENS INDUSTR,2,3/13/13,285,0,0,0,0,0,0,6,25,50,69,63,39,20,13,0,0,0,0,0,0,0,0,0,0,0,0
71402,DIAMONDBACK    ,974,REALTREE  ,MENS  ,MENS RESERVE,2,2/25/13,240,0,0,0,0,0,0,0,24,36,48,54,42,24,12,0,0,0,0,0,0,0,0,0,0,0,0
71446,SKULLS BABYBOGS,9,BLK MULTI ,KIDS  ,BABY BOG BOO,2,3/4/13,300,0,0,0,18,54,60,60,54,30,24,0,0,0,0,0,0,0,0,0,0,0,0,0,0,0,0
71457,BABY BOOT ZOO  ,340,GRN MULTI ,KIDS  ,BABY BOG BOO,2,3/4/13,600,0,0,0,48,108,108,120,96,72,48,0,0,0,0,0,0,0,0,0,0,0,0,0,0,0,0
71457,BABY BOOT ZOO  ,460,BLUE MULTI,KIDS  ,BABY BOG BOO,2,3/4/13,258,0,0,0,24,46,42,48,38,36,24,0,0,0,0,0,0,0,0,0,0,0,0,0,0,0,0
71457,BABY BOOT ZOO  ,690,PINK MULTI,KIDS  ,BABY BOG BOO,2,3/4/13,300,0,0,0,24,54,54,60,48,36,24,0,0,0,0,0,0,0,0,0,0,0,0,0,0,0,0
71459,DAISY DOT      ,203,COFFEE    ,KIDS  ,BABY BOG BOO,2,3/4/13,300,0,0,0,24,54,54,60,48,36,24,0,0,0,0,0,0,0,0,0,0,0,0,0,0,0,0
71459,DAISY DOT      ,400,BLUE      ,KIDS  ,BABY BOG BOO,2,3/4/13,300,0,0,0,18,48,60,60,54,36,24,0,0,0,0,0,0,0,0,0,0,0,0,0,0,0,0
71459,DAISY DOT      ,500,PLUM      ,KIDS  ,BABY BOG BOO,2,3/5/13,258,0,0,0,18,46,48,48,44,30,24,0,0,0,0,0,0,0,0,0,0,0,0,0,0,0,0
71459,DAISY DOT      ,610,CHERRY    ,KIDS  ,BABY BOG BOO,2,3/4/13,300,0,0,0,24,54,54,60,48,36,24,0,0,0,0,0,0,0,0,0,0,0,0,0,0,0,0